Date,NAV per Share,Ex-Dividends,,,
04-Apr-07,103.03,0,,,
05-Apr-07,103.06,0,,,
09-Apr-07,103.11,0,,,
10-Apr-07,103.13,0,,,
11-Apr-07,103.26,0,,,
12-Apr-07,103.32,0,,,
13-Apr-07,103.37,0,,,
16-Apr-07,103.54,0,,,
17-Apr-07,103.68,0,,,
18-Apr-07,103.78,0,,,
19-Apr-07,103.84,0,,,
20-Apr-07,103.96,0,,,
23-Apr-07,104.18,0,,,
24-Apr-07,104.27,0,,,
25-Apr-07,104.35,0,,,
26-Apr-07,104.4,0,,,
27-Apr-07,104.43,0,,,
30-Apr-07,104.52,0,,,
01-May-07,104.29,0.29,,,
02-May-07,104.22,0,,,
03-May-07,104.23,0,,,
04-May-07,104.35,0,,,
07-May-07,104.45,0,,,
08-May-07,104.45,0,,,
09-May-07,104.51,0,,,
10-May-07,104.6,0,,,
11-May-07,104.65,0,,,
14-May-07,104.75,0,,,
15-May-07,104.78,0,,,
16-May-07,104.79,0,,,
17-May-07,104.83,0,,,
18-May-07,104.81,0,,,
21-May-07,104.91,0,,,
22-May-07,104.85,0,,,
23-May-07,104.93,0,,,
24-May-07,104.91,0,,,
25-May-07,104.92,0,,,
29-May-07,104.95,0,,,
30-May-07,104.93,0,,,
31-May-07,104.87,0,,,
01-Jun-07,104.28,0.59,,,
04-Jun-07,104.28,0,,,
05-Jun-07,104.17,0,,,
06-Jun-07,104.14,0,,,
07-Jun-07,103.79,0,,,
08-Jun-07,103.42,0,,,
11-Jun-07,103.35,0,,,
12-Jun-07,103,0,,,
13-Jun-07,102.71,0,,,
14-Jun-07,102.59,0,,,
15-Jun-07,102.71,0,,,
18-Jun-07,102.79,0,,,
19-Jun-07,102.9,0,,,
20-Jun-07,102.74,0,,,
21-Jun-07,102.62,0,,,
22-Jun-07,102.54,0,,,
25-Jun-07,102.47,0,,,
26-Jun-07,102.34,0,,,
27-Jun-07,102.16,0,,,
28-Jun-07,101.69,0,,,
29-Jun-07,101.74,0,,,
02-Jul-07,101.02,0.6,,,
03-Jul-07,100.96,0,,,
05-Jul-07,100.83,0,,,
06-Jul-07,100.8,0,,,
09-Jul-07,100.85,0,,,
10-Jul-07,100.86,0,,,
11-Jul-07,100.66,0,,,
12-Jul-07,100.22,0,,,
13-Jul-07,100.47,0,,,
16-Jul-07,100.79,0,,,
17-Jul-07,100.97,0,,,
18-Jul-07,100.8,0,,,
19-Jul-07,100.56,0,,,
20-Jul-07,100.42,0,,,
23-Jul-07,100,0,,,
24-Jul-07,99.29,0,,,
25-Jul-07,98.54,0,,,
26-Jul-07,98.36,0,,,
27-Jul-07,97.92,0,,,
30-Jul-07,96.61,0,,,
31-Jul-07,96.58,0,,,
01-Aug-07,96.43,0.63,,,
02-Aug-07,96.42,0,,,
03-Aug-07,96.98,0,,,
06-Aug-07,97.06,0,,,
07-Aug-07,97.18,0,,,
08-Aug-07,97.48,0,,,
09-Aug-07,98.16,0,,,
10-Aug-07,98.23,0,,,
13-Aug-07,98.32,0,,,
14-Aug-07,98.59,0,,,
15-Aug-07,98.62,0,,,
16-Aug-07,98.38,0,,,
17-Aug-07,98.03,0,,,
20-Aug-07,98.11,0,,,
21-Aug-07,98.12,0,,,
22-Aug-07,98.61,0,,,
23-Aug-07,98.93,0,,,
24-Aug-07,98.88,0,,,
27-Aug-07,99.29,0,,,
28-Aug-07,99.34,0,,,
29-Aug-07,99.34,0,,,
30-Aug-07,99.3,0,,,
31-Aug-07,99.35,0,,,
04-Sep-07,98.8,0.62,,,
05-Sep-07,98.94,0,,,
06-Sep-07,99.13,0,,,
07-Sep-07,99.23,0,,,
10-Sep-07,99.23,0,,,
11-Sep-07,99.23,0,,,
12-Sep-07,99.26,0,,,
13-Sep-07,99.3,0,,,
14-Sep-07,99.34,0,,,
17-Sep-07,99.6,0,,,
18-Sep-07,99.83,0,,,
19-Sep-07,100.34,0,,,
20-Sep-07,100.88,0,,,
21-Sep-07,100.96,0,,,
24-Sep-07,101.46,0,,,
25-Sep-07,101.49,0,,,
26-Sep-07,101.57,0,,,
27-Sep-07,101.69,0,,,
28-Sep-07,101.8,0,,,
01-Oct-07,101.16,0.65,,,
02-Oct-07,101.11,0,,,
03-Oct-07,101.18,0,,,
04-Oct-07,101.48,0,,,
05-Oct-07,101.7,0,,,
08-Oct-07,101.76,0,,,
09-Oct-07,101.9,0,,,
10-Oct-07,102.13,0,,,
11-Oct-07,102.3,0,,,
12-Oct-07,102.43,0,,,
15-Oct-07,102.44,0,,,
16-Oct-07,102.42,0,,,
17-Oct-07,102.12,0,,,
18-Oct-07,101.97,0,,,
19-Oct-07,101.72,0,,,
22-Oct-07,101.48,0,,,
23-Oct-07,101.44,0,,,
24-Oct-07,101.53,0,,,
25-Oct-07,101.53,0,,,
26-Oct-07,101.57,0,,,
29-Oct-07,101.69,0,,,
30-Oct-07,101.72,0,,,
31-Oct-07,101.72,0,,,
01-Nov-07,101.09,0.68,,,
02-Nov-07,100.78,0,,,
05-Nov-07,100.66,0,,,
06-Nov-07,100.55,0,,,
07-Nov-07,100.46,0,,,
08-Nov-07,100.17,0,,,
09-Nov-07,100.17,0,,,
12-Nov-07,100.23,0,,,
13-Nov-07,99.73,0,,,
14-Nov-07,99.6,0,,,
15-Nov-07,99.56,0,,,
16-Nov-07,99.23,0,,,
19-Nov-07,98.89,0,,,
20-Nov-07,98.3,0,,,
21-Nov-07,97.9,0,,,
23-Nov-07,97.63,0,,,
26-Nov-07,97.61,0,,,
27-Nov-07,97.71,0,,,
28-Nov-07,97.82,0,,,
29-Nov-07,98.15,0,,,
30-Nov-07,98.52,0,,,
03-Dec-07,98.22,0.64,,,
04-Dec-07,98.22,0,,,
05-Dec-07,98.16,0,,,
06-Dec-07,98.36,0,,,
07-Dec-07,98.41,0,,,
10-Dec-07,98.66,0,,,
11-Dec-07,98.87,0,,,
12-Dec-07,98.99,0,,,
13-Dec-07,98.99,0,,,
14-Dec-07,98.89,0,,,
17-Dec-07,98.83,0,,,
18-Dec-07,98.68,0,,,
19-Dec-07,98.64,0,,,
20-Dec-07,98.63,0,,,
21-Dec-07,98.58,0,,,
24-Dec-07,98.77,0,,,
26-Dec-07,98.8,0,,,
27-Dec-07,98.31,0.57,,,
28-Dec-07,98.33,0,,,
31-Dec-07,98.53,0,,,
02-Jan-08,98.46,0,,,
03-Jan-08,98.4,0,,,
04-Jan-08,98.16,0,,,
07-Jan-08,97.6,0,,,
08-Jan-08,97.1,0,,,
09-Jan-08,96.73,0,,,
10-Jan-08,96.21,0,,,
11-Jan-08,96.29,0,,,
14-Jan-08,96.47,0,,,
15-Jan-08,96.49,0,,,
16-Jan-08,96.49,0,,,
17-Jan-08,96.2,0,,,
18-Jan-08,95.89,0,,,
22-Jan-08,95.65,0,,,
23-Jan-08,95.71,0,,,
24-Jan-08,95.13,0,,,
25-Jan-08,95.39,0,,,
28-Jan-08,95.92,0,,,
29-Jan-08,96.2,0,,,
30-Jan-08,96.4,0,,,
31-Jan-08,96.5,0,,,
01-Feb-08,95.95,0.66,,,
04-Feb-08,96.06,0,,,
05-Feb-08,96.17,0,,,
06-Feb-08,95.97,0,,,
07-Feb-08,95.8,0,,,
08-Feb-08,95.39,0,,,
11-Feb-08,94.91,0,,,
12-Feb-08,94.51,0,,,
13-Feb-08,94.27,0,,,
14-Feb-08,94.31,0,,,
15-Feb-08,94.38,0,,,
19-Feb-08,94.38,0,,,
20-Feb-08,94.31,0,,,
21-Feb-08,94.26,0,,,
22-Feb-08,94.36,0,,,
25-Feb-08,94.55,0,,,
26-Feb-08,94.93,0,,,
27-Feb-08,95.04,0,,,
28-Feb-08,95.29,0,,,
29-Feb-08,95.27,0,,,
03-Mar-08,94.59,0.62,,,
04-Mar-08,94.45,0,,,
05-Mar-08,94.38,0,,,
06-Mar-08,94.33,0,,,
07-Mar-08,94.35,0,,,
10-Mar-08,94.3,0,,,
11-Mar-08,94.41,0,,,
12-Mar-08,94.02,0,,,
13-Mar-08,93.92,0,,,
14-Mar-08,93.39,0,,,
17-Mar-08,93.55,0,,,
18-Mar-08,93.16,0,,,
19-Mar-08,93.27,0,,,
20-Mar-08,93.57,0,,,
24-Mar-08,93.85,0,,,
25-Mar-08,93.78,0,,,
26-Mar-08,94.07,0,,,
27-Mar-08,94.05,0,,,
28-Mar-08,94.3,0,,,
31-Mar-08,94.46,0,,,
01-Apr-08,93.77,0.64,,,
02-Apr-08,93.93,0,,,
03-Apr-08,94.16,0,,,
04-Apr-08,94.4,0,,,
07-Apr-08,95.06,0,,,
08-Apr-08,95.31,0,,,
09-Apr-08,95.41,0,,,
10-Apr-08,95.4,0,,,
11-Apr-08,95.37,0,,,
14-Apr-08,95.34,0,,,
15-Apr-08,95.33,0,,,
16-Apr-08,95.52,0,,,
17-Apr-08,95.77,0,,,
18-Apr-08,96,0,,,
21-Apr-08,96.53,0,,,
22-Apr-08,96.68,0,,,
23-Apr-08,96.8,0,,,
24-Apr-08,96.79,0,,,
25-Apr-08,97.03,0,,,
28-Apr-08,97.31,0,,,
29-Apr-08,97.32,0,,,
30-Apr-08,97.55,0,,,
01-May-08,97.2,0.57,,,
02-May-08,98.06,0,,,
05-May-08,98.4,0,,,
06-May-08,98.17,0,,,
07-May-08,97.97,0,,,
08-May-08,97.85,0,,,
09-May-08,97.71,0,,,
12-May-08,97.84,0,,,
13-May-08,97.47,0,,,
14-May-08,97.64,0,,,
15-May-08,97.82,0,,,
16-May-08,97.93,0,,,
19-May-08,98.16,0,,,
20-May-08,98.19,0,,,
21-May-08,98,0,,,
22-May-08,98.07,0,,,
23-May-08,97.99,0,,,
27-May-08,97.67,0,,,
28-May-08,97.46,0,,,
29-May-08,97.35,0,,,
30-May-08,97.47,0,,,
02-Jun-08,96.86,0.63,,,
03-Jun-08,96.52,0,,,
04-Jun-08,96.36,0,,,
05-Jun-08,96.1,0,,,
06-Jun-08,96.6,0,,,
09-Jun-08,96.35,0,,,
10-Jun-08,96.27,0,,,
11-Jun-08,96.26,0,,,
12-Jun-08,95.81,0,,,
13-Jun-08,95.94,0,,,
16-Jun-08,95.98,0,,,
17-Jun-08,96.06,0,,,
18-Jun-08,96.1,0,,,
19-Jun-08,95.82,0,,,
20-Jun-08,95.67,0,,,
23-Jun-08,95.24,0,,,
24-Jun-08,95.21,0,,,
25-Jun-08,94.21,0,,,
26-Jun-08,93.87,0,,,
27-Jun-08,92.99,0,,,
30-Jun-08,93.15,0,,,
01-Jul-08,91.99,0.65,,,
02-Jul-08,91.84,0,,,
03-Jul-08,91.96,0,,,
07-Jul-08,92.33,0,,,
08-Jul-08,91.88,0,,,
09-Jul-08,91.58,0,,,
10-Jul-08,91.82,0,,,
11-Jul-08,91.67,0,,,
14-Jul-08,91.61,0,,,
15-Jul-08,91.39,0,,,
16-Jul-08,91.42,0,,,
17-Jul-08,91.34,0,,,
18-Jul-08,91.73,0,,,
21-Jul-08,91.83,0,,,
22-Jul-08,92.11,0,,,
23-Jul-08,92.16,0,,,
24-Jul-08,92.46,0,,,
25-Jul-08,92.37,0,,,
28-Jul-08,92.52,0,,,
29-Jul-08,92.36,0,,,
30-Jul-08,92.06,0,,,
31-Jul-08,92.19,0,,,
01-Aug-08,91.33,0.66,,,
04-Aug-08,91.21,0,,,
05-Aug-08,91.1,0,,,
06-Aug-08,91.02,0,,,
07-Aug-08,91.12,0,,,
08-Aug-08,90.79,0,,,
11-Aug-08,90.89,0,,,
12-Aug-08,91.01,0,,,
13-Aug-08,91.02,0,,,
14-Aug-08,91.17,0,,,
15-Aug-08,91.12,0,,,
18-Aug-08,91.38,0,,,
19-Aug-08,91.53,0,,,
20-Aug-08,91.41,0,,,
21-Aug-08,91.26,0,,,
22-Aug-08,91.13,0,,,
25-Aug-08,91.36,0,,,
26-Aug-08,91.32,0,,,
27-Aug-08,91.43,0,,,
28-Aug-08,91.35,0,,,
29-Aug-08,91.52,0,,,
02-Sep-08,90.95,0.62,,,
03-Sep-08,91.22,0,,,
04-Sep-08,91.34,0,,,
05-Sep-08,91.17,0,,,
08-Sep-08,91.55,0,,,
09-Sep-08,91.55,0,,,
10-Sep-08,91.3,0,,,
11-Sep-08,91.32,0,,,
12-Sep-08,91.24,0,,,
15-Sep-08,90.84,0,,,
16-Sep-08,89.45,0,,,
17-Sep-08,88.85,0,,,
18-Sep-08,87.8,0,,,
19-Sep-08,87.89,0,,,
22-Sep-08,88.69,0,,,
23-Sep-08,88.55,0,,,
24-Sep-08,88.3,0,,,
25-Sep-08,87.35,0,,,
26-Sep-08,86.01,0,,,
29-Sep-08,85.23,0,,,
30-Sep-08,84.13,0,,,
01-Oct-08,82.44,0.69,,,
02-Oct-08,81.14,0,,,
03-Oct-08,79.33,0,,,
06-Oct-08,78.46,0,,,
07-Oct-08,76.71,0,,,
08-Oct-08,76.26,0,,,
09-Oct-08,75.02,0,,,
10-Oct-08,73.99,0,,,
13-Oct-08,74.06,0,,,
14-Oct-08,71.03,0,,,
15-Oct-08,70.18,0,,,
16-Oct-08,68.56,0,,,
17-Oct-08,67.95,0,,,
20-Oct-08,68.22,0,,,
21-Oct-08,69.61,0,,,
22-Oct-08,70.17,0,,,
23-Oct-08,69.8,0,,,
24-Oct-08,69.43,0,,,
27-Oct-08,68.33,0,,,
28-Oct-08,67.78,0,,,
29-Oct-08,67.8,0,,,
30-Oct-08,68.18,0,,,
31-Oct-08,69,0,,,
03-Nov-08,68.89,0.69,,,
04-Nov-08,69.61,0,,,
05-Nov-08,69.95,0,,,
06-Nov-08,70.47,0,,,
07-Nov-08,70.5,0,,,
10-Nov-08,70.53,0,,,
11-Nov-08,70.55,0,,,
12-Nov-08,70.51,0,,,
13-Nov-08,70.3,0,,,
14-Nov-08,70.09,0,,,
17-Nov-08,69.29,0,,,
18-Nov-08,68.26,0,,,
19-Nov-08,65.83,0,,,
20-Nov-08,64.63,0,,,
21-Nov-08,63.34,0,,,
24-Nov-08,63.18,0,,,
25-Nov-08,62.94,0,,,
26-Nov-08,63.23,0,,,
28-Nov-08,63.52,0,,,
01-Dec-08,62.88,0.7,,,
02-Dec-08,63.06,0,,,
03-Dec-08,62.93,0,,,
04-Dec-08,62.63,0,,,
05-Dec-08,62.45,0,,,
08-Dec-08,62.63,0,,,
09-Dec-08,62.64,0,,,
10-Dec-08,62.44,0,,,
11-Dec-08,62.81,0,,,
12-Dec-08,62.91,0,,,
15-Dec-08,62.35,0,,,
16-Dec-08,62.67,0,,,
17-Dec-08,62.68,0,,,
18-Dec-08,64.12,0,,,
19-Dec-08,65.66,0,,,
22-Dec-08,65.94,0,,,
23-Dec-08,66.61,0,,,
24-Dec-08,67.22,0,,,
26-Dec-08,67.34,0,,,
29-Dec-08,67.44,0.52,,,
30-Dec-08,68.27,0,,,
31-Dec-08,68.5,0,,,
02-Jan-09,68.44,0,,,
05-Jan-09,70.44,0,,,
06-Jan-09,72.76,0,,,
07-Jan-09,74.24,0,,,
08-Jan-09,74.35,0,,,
09-Jan-09,73.92,0,,,
12-Jan-09,74.22,0,,,
13-Jan-09,74.04,0,,,
14-Jan-09,74.12,0,,,
15-Jan-09,73.54,0,,,
16-Jan-09,72.9,0,,,
20-Jan-09,72.93,0,,,
21-Jan-09,72.65,0,,,
22-Jan-09,72.34,0,,,
23-Jan-09,72.03,0,,,
26-Jan-09,71.65,0,,,
27-Jan-09,71.87,0,,,
28-Jan-09,72.18,0,,,
29-Jan-09,72.38,0,,,
30-Jan-09,72.52,0,,,
02-Feb-09,71.84,0.75,,,
03-Feb-09,71.81,0,,,
04-Feb-09,72.01,0,,,
05-Feb-09,72.35,0,,,
06-Feb-09,72.3,0,,,
09-Feb-09,72.28,0,,,
10-Feb-09,72.42,0,,,
11-Feb-09,72.65,0,,,
12-Feb-09,72.21,0,,,
13-Feb-09,71.91,0,,,
17-Feb-09,71.72,0,,,
18-Feb-09,71.3,0,,,
19-Feb-09,70.64,0,,,
20-Feb-09,70.94,0,,,
23-Feb-09,70.93,0,,,
24-Feb-09,70.22,0,,,
25-Feb-09,69.11,0,,,
26-Feb-09,68.85,0,,,
27-Feb-09,68.45,0,,,
02-Mar-09,66.88,0.72,,,
03-Mar-09,66.18,0,,,
04-Mar-09,65.16,0,,,
05-Mar-09,64.38,0,,,
06-Mar-09,63.66,0,,,
09-Mar-09,63.6,0,,,
10-Mar-09,63.72,0,,,
11-Mar-09,63.95,0,,,
12-Mar-09,64.16,0,,,
13-Mar-09,64.64,0,,,
16-Mar-09,65.14,0,,,
17-Mar-09,65.69,0,,,
18-Mar-09,65.6,0,,,
19-Mar-09,65.66,0,,,
20-Mar-09,66.16,0,,,
23-Mar-09,66.34,0,,,
24-Mar-09,66.78,0,,,
25-Mar-09,67.09,0,,,
26-Mar-09,67.14,0,,,
27-Mar-09,67.45,0,,,
30-Mar-09,67.79,0,,,
31-Mar-09,67.94,0,,,
01-Apr-09,67.07,0.81,,,
02-Apr-09,67.17,0,,,
03-Apr-09,67.52,0,,,
06-Apr-09,67.86,0,,,
07-Apr-09,68.07,0,,,
08-Apr-09,68.22,0,,,
09-Apr-09,68.96,0,,,
13-Apr-09,69.43,0,,,
14-Apr-09,69.64,0,,,
15-Apr-09,69.88,0,,,
16-Apr-09,70.21,0,,,
17-Apr-09,70.57,0,,,
20-Apr-09,71.34,0,,,
21-Apr-09,71.1,0,,,
22-Apr-09,70.96,0,,,
23-Apr-09,70.97,0,,,
24-Apr-09,71.31,0,,,
27-Apr-09,71.66,0,,,
28-Apr-09,71.77,0,,,
29-Apr-09,72.04,0,,,
30-Apr-09,72.79,0,,,
01-May-09,72.37,0.59,,,
04-May-09,72.72,0,,,
05-May-09,73.06,0,,,
06-May-09,73.24,0,,,
07-May-09,73.53,0,,,
08-May-09,73.9,0,,,
11-May-09,74.43,0,,,
12-May-09,74.34,0,,,
13-May-09,74.36,0,,,
14-May-09,74,0,,,
15-May-09,74.06,0,,,
18-May-09,74.02,0,,,
19-May-09,73.82,0,,,
20-May-09,74.23,0,,,
21-May-09,74.61,0,,,
22-May-09,74.8,0,,,
26-May-09,75.18,0,,,
27-May-09,75.4,0,,,
28-May-09,75.54,0,,,
29-May-09,75.98,0,,,
01-Jun-09,75.63,0.71,,,
02-Jun-09,76.11,0,,,
03-Jun-09,76.69,0,,,
04-Jun-09,76.85,0,,,
05-Jun-09,76.74,0,,,
08-Jun-09,76.87,0,,,
09-Jun-09,77.14,0,,,
10-Jun-09,77.42,0,,,
11-Jun-09,77.66,0,,,
12-Jun-09,77.77,0,,,
15-Jun-09,78.2,0,,,
16-Jun-09,78.26,0,,,
17-Jun-09,77.98,0,,,
18-Jun-09,77.33,0,,,
19-Jun-09,76.98,0,,,
22-Jun-09,76.82,0,,,
23-Jun-09,76.58,0,,,
24-Jun-09,76.28,0,,,
25-Jun-09,76.5,0,,,
26-Jun-09,76.72,0,,,
29-Jun-09,76.96,0,,,
30-Jun-09,77.21,0,,,
01-Jul-09,76.74,0.72,,,
02-Jul-09,76.96,0,,,
06-Jul-09,76.98,0,,,
07-Jul-09,76.79,0,,,
08-Jul-09,76.8,0,,,
09-Jul-09,76.54,0,,,
10-Jul-09,76.52,0,,,
13-Jul-09,76.5,0,,,
14-Jul-09,76.54,0,,,
15-Jul-09,76.67,0,,,
16-Jul-09,76.92,0,,,
17-Jul-09,77.21,0,,,
20-Jul-09,77.76,0,,,
21-Jul-09,78.09,0,,,
22-Jul-09,78.75,0,,,
23-Jul-09,79.3,0,,,
24-Jul-09,79.82,0,,,
27-Jul-09,80.65,0,,,
28-Jul-09,80.99,0,,,
29-Jul-09,80.88,0,,,
30-Jul-09,81.07,0,,,
31-Jul-09,81.74,0,,,
03-Aug-09,82.05,0.71,,,
04-Aug-09,82.15,0,,,
05-Aug-09,82.13,0,,,
06-Aug-09,82.08,0,,,
07-Aug-09,82.45,0,,,
10-Aug-09,82.59,0,,,
11-Aug-09,82.63,0,,,
12-Aug-09,82.15,0,,,
13-Aug-09,81.7,0,,,
14-Aug-09,81.91,0,,,
17-Aug-09,81.35,0,,,
18-Aug-09,80.6,0,,,
19-Aug-09,80.24,0,,,
20-Aug-09,80.41,0,,,
21-Aug-09,80.24,0,,,
24-Aug-09,80.54,0,,,
25-Aug-09,80.51,0,,,
26-Aug-09,81,0,,,
27-Aug-09,80.91,0,,,
28-Aug-09,81.04,0,,,
31-Aug-09,80.99,0,,,
01-Sep-09,80.44,0.7,,,
02-Sep-09,80.31,0,,,
03-Sep-09,80.36,0,,,
04-Sep-09,80.51,0,,,
08-Sep-09,80.63,0,,,
09-Sep-09,80.75,0,,,
10-Sep-09,81.48,0,,,
11-Sep-09,81.76,0,,,
14-Sep-09,82.51,0,,,
15-Sep-09,83.1,0,,,
16-Sep-09,83.69,0,,,
17-Sep-09,84.19,0,,,
18-Sep-09,84.27,0,,,
21-Sep-09,84.27,0,,,
22-Sep-09,84.61,0,,,
23-Sep-09,84.98,0,,,
24-Sep-09,85.43,0,,,
25-Sep-09,85.31,0,,,
28-Sep-09,85.25,0,,,
29-Sep-09,85.31,0,,,
30-Sep-09,85.07,0,,,
01-Oct-09,84.2,0.7,,,
02-Oct-09,83.89,0,,,
05-Oct-09,83.78,0,,,
06-Oct-09,83.97,0,,,
07-Oct-09,84.06,0,,,
08-Oct-09,83.95,0,,,
09-Oct-09,84.11,0,,,
12-Oct-09,84.16,0,,,
13-Oct-09,84.35,0,,,
14-Oct-09,84.32,0,,,
15-Oct-09,84.5,0,,,
16-Oct-09,84.73,0,,,
19-Oct-09,84.86,0,,,
20-Oct-09,85.08,0,,,
21-Oct-09,85.37,0,,,
22-Oct-09,85.42,0,,,
23-Oct-09,85.59,0,,,
26-Oct-09,85.76,0,,,
27-Oct-09,86,0,,,
28-Oct-09,85.49,0,,,
29-Oct-09,85.31,0,,,
30-Oct-09,85.09,0,,,
02-Nov-09,84.33,0.7,,,
03-Nov-09,84.18,0,,,
04-Nov-09,84.1,0,,,
05-Nov-09,84.18,0,,,
06-Nov-09,84.29,0,,,
09-Nov-09,84.39,0,,,
10-Nov-09,84.55,0,,,
11-Nov-09,84.56,0,,,
12-Nov-09,84.76,0,,,
13-Nov-09,84.86,0,,,
16-Nov-09,85.01,0,,,
17-Nov-09,85.02,0,,,
18-Nov-09,85.05,0,,,
19-Nov-09,85.08,0,,,
20-Nov-09,84.98,0,,,
23-Nov-09,84.95,0,,,
24-Nov-09,84.98,0,,,
25-Nov-09,85.16,0,,,
27-Nov-09,85.16,0,,,
30-Nov-09,85.08,0,,,
01-Dec-09,84.62,0.62,,,
02-Dec-09,84.74,0,,,
03-Dec-09,84.58,0,,,
04-Dec-09,84.77,0,,,
07-Dec-09,85.14,0,,,
08-Dec-09,85.15,0,,,
09-Dec-09,85.16,0,,,
10-Dec-09,85.41,0,,,
11-Dec-09,85.57,0,,,
14-Dec-09,85.79,0,,,
15-Dec-09,85.86,0,,,
16-Dec-09,86.21,0,,,
17-Dec-09,86.35,0,,,
18-Dec-09,86.43,0,,,
21-Dec-09,86.44,0,,,
22-Dec-09,86.45,0,,,
23-Dec-09,86.83,0,,,
24-Dec-09,86.88,0,,,
28-Dec-09,86.9,0,,,
29-Dec-09,86.38,0.58,,,
30-Dec-09,86.46,0,,,
31-Dec-09,86.51,0,,,
04-Jan-10,86.89,0,,,
05-Jan-10,87.02,0,,,
06-Jan-10,87.59,0,,,
07-Jan-10,87.89,0,,,
08-Jan-10,88.14,0,,,
11-Jan-10,88.22,0,,,
12-Jan-10,88.33,0,,,
13-Jan-10,88.32,0,,,
14-Jan-10,88.3,0,,,
15-Jan-10,88.24,0,,,
19-Jan-10,88.28,0,,,
20-Jan-10,87.98,0,,,
21-Jan-10,87.92,0,,,
22-Jan-10,87.58,0,,,
25-Jan-10,87.13,0,,,
26-Jan-10,87.02,0,,,
27-Jan-10,86.77,0,,,
28-Jan-10,86.8,0,,,
29-Jan-10,86.82,0,,,
01-Feb-10,86.18,0.66,,,
02-Feb-10,86.2,0,,,
03-Feb-10,86.31,0,,,
04-Feb-10,86.29,0,,,
05-Feb-10,85.83,0,,,
08-Feb-10,85.11,0,,,
09-Feb-10,84.81,0,,,
10-Feb-10,84.32,0,,,
11-Feb-10,83.91,0,,,
12-Feb-10,83.84,0,,,
16-Feb-10,84.05,0,,,
17-Feb-10,84.86,0,,,
18-Feb-10,85.12,0,,,
19-Feb-10,85.56,0,,,
22-Feb-10,86.02,0,,,
23-Feb-10,86.04,0,,,
24-Feb-10,86.02,0,,,
25-Feb-10,85.88,0,,,
26-Feb-10,85.96,0,,,
01-Mar-10,85.5,0.65,,,
02-Mar-10,85.77,0,,,
03-Mar-10,86.01,0,,,
04-Mar-10,86.15,0,,,
05-Mar-10,86.33,0,,,
08-Mar-10,86.65,0,,,
09-Mar-10,86.92,0,,,
10-Mar-10,87.12,0,,,
11-Mar-10,87.17,0,,,
12-Mar-10,87.14,0,,,
15-Mar-10,87.05,0,,,
16-Mar-10,87.15,0,,,
17-Mar-10,87.2,0,,,
18-Mar-10,87.33,0,,,
19-Mar-10,87.42,0,,,
22-Mar-10,87.38,0,,,
23-Mar-10,87.3,0,,,
24-Mar-10,87.35,0,,,
25-Mar-10,87.44,0,,,
26-Mar-10,87.53,0,,,
29-Mar-10,87.68,0,,,
30-Mar-10,87.67,0,,,
31-Mar-10,87.61,0,,,
01-Apr-10,86.89,0.66,,,
05-Apr-10,87.24,0,,,
06-Apr-10,87.15,0,,,
07-Apr-10,87.26,0,,,
08-Apr-10,87.33,0,,,
09-Apr-10,87.38,0,,,
12-Apr-10,87.62,0,,,
13-Apr-10,87.78,0,,,
14-Apr-10,88.16,0,,,
15-Apr-10,88.24,0,,,
16-Apr-10,88.39,0,,,
19-Apr-10,88.4,0,,,
20-Apr-10,88.34,0,,,
21-Apr-10,88.44,0,,,
22-Apr-10,88.51,0,,,
23-Apr-10,88.57,0,,,
26-Apr-10,88.78,0,,,
27-Apr-10,88.84,0,,,
28-Apr-10,88.69,0,,,
29-Apr-10,88.7,0,,,
30-Apr-10,88.79,0,,,
03-May-10,88.2,0.64,,,
04-May-10,88.17,0,,,
05-May-10,87.69,0,,,
06-May-10,86.85,0,,,
07-May-10,85.59,0,,,
10-May-10,85.83,0,,,
11-May-10,85.94,0,,,
12-May-10,86.2,0,,,
13-May-10,86.75,0,,,
14-May-10,86.42,0,,,
17-May-10,86.06,0,,,
18-May-10,86.16,0,,,
19-May-10,85.63,0,,,
20-May-10,84.77,0,,,
21-May-10,84.4,0,,,
24-May-10,84.45,0,,,
25-May-10,83.81,0,,,
26-May-10,83.99,0,,,
27-May-10,84.07,0,,,
28-May-10,84.57,0,,,
01-Jun-10,83.96,0.64,,,
02-Jun-10,83.86,0,,,
03-Jun-10,84.01,0,,,
04-Jun-10,83.86,0,,,
07-Jun-10,83.79,0,,,
08-Jun-10,83.71,0,,,
09-Jun-10,83.66,0,,,
10-Jun-10,83.52,0,,,
11-Jun-10,83.5,0,,,
14-Jun-10,83.38,0,,,
15-Jun-10,83.92,0,,,
16-Jun-10,84.32,0,,,
17-Jun-10,84.71,0,,,
18-Jun-10,85.14,0,,,
21-Jun-10,85.46,0,,,
22-Jun-10,85.8,0,,,
23-Jun-10,85.74,0,,,
24-Jun-10,85.62,0,,,
25-Jun-10,85.64,0,,,
28-Jun-10,85.49,0,,,
29-Jun-10,85.53,0,,,
30-Jun-10,85.33,0,,,
01-Jul-10,84.54,0.62,,,
02-Jul-10,84.55,0,,,
06-Jul-10,84.7,0,,,
07-Jul-10,84.85,0,,,
08-Jul-10,85.14,0,,,
09-Jul-10,85.39,0,,,
12-Jul-10,85.46,0,,,
13-Jul-10,85.91,0,,,
14-Jul-10,86.18,0,,,
15-Jul-10,86.34,0,,,
16-Jul-10,86.42,0,,,
19-Jul-10,86.37,0,,,
20-Jul-10,86.63,0,,,
21-Jul-10,86.85,0,,,
22-Jul-10,87.07,0,,,
23-Jul-10,87.23,0,,,
26-Jul-10,87.32,0,,,
27-Jul-10,87.64,0,,,
28-Jul-10,87.8,0,,,
29-Jul-10,87.87,0,,,
30-Jul-10,87.87,0,,,
02-Aug-10,87.22,0.6,,,
03-Aug-10,87.49,0,,,
04-Aug-10,87.67,0,,,
05-Aug-10,87.69,0,,,
06-Aug-10,87.69,0,,,
09-Aug-10,87.61,0,,,
10-Aug-10,87.75,0,,,
11-Aug-10,87.37,0,,,
12-Aug-10,86.99,0,,,
13-Aug-10,86.89,0,,,
16-Aug-10,86.56,0,,,
17-Aug-10,86.96,0,,,
18-Aug-10,87.04,0,,,
19-Aug-10,87.1,0,,,
20-Aug-10,87.03,0,,,
23-Aug-10,86.9,0,,,
24-Aug-10,87,0,,,
25-Aug-10,86.92,0,,,
26-Aug-10,86.72,0,,,
27-Aug-10,86.77,0,,,
30-Aug-10,86.73,0,,,
31-Aug-10,86.74,0,,,
01-Sep-10,86.35,0.63,,,
02-Sep-10,86.42,0,,,
03-Sep-10,86.73,0,,,
07-Sep-10,86.8,0,,,
08-Sep-10,86.95,0,,,
09-Sep-10,87.18,0,,,
10-Sep-10,87.4,0,,,
13-Sep-10,87.56,0,,,
14-Sep-10,87.79,0,,,
15-Sep-10,87.97,0,,,
16-Sep-10,88.14,0,,,
17-Sep-10,88.2,0,,,
20-Sep-10,88.26,0,,,
21-Sep-10,88.39,0,,,
22-Sep-10,88.3,0,,,
23-Sep-10,88.11,0,,,
24-Sep-10,88.25,0,,,
27-Sep-10,88.16,0,,,
28-Sep-10,88.53,0,,,
29-Sep-10,88.66,0,,,
30-Sep-10,88.8,0,,,
01-Oct-10,88.42,0.59,,,
04-Oct-10,88.47,0,,,
05-Oct-10,88.74,0,,,
06-Oct-10,89.04,0,,,
07-Oct-10,89.22,0,,,
08-Oct-10,89.35,0,,,
11-Oct-10,89.4,0,,,
12-Oct-10,89.49,0,,,
13-Oct-10,89.7,0,,,
14-Oct-10,89.8,0,,,
15-Oct-10,89.7,0,,,
18-Oct-10,89.7,0,,,
19-Oct-10,89.63,0,,,
20-Oct-10,89.76,0,,,
21-Oct-10,89.73,0,,,
22-Oct-10,89.84,0,,,
25-Oct-10,90.07,0,,,
26-Oct-10,90.18,0,,,
27-Oct-10,90.24,0,,,
28-Oct-10,90.33,0,,,
29-Oct-10,90.39,0,,,
01-Nov-10,89.9,0.6,,,
02-Nov-10,89.89,0,,,
03-Nov-10,90.04,0,,,
04-Nov-10,90.46,0,,,
05-Nov-10,90.78,0,,,
08-Nov-10,90.81,0,,,
09-Nov-10,90.91,0,,,
10-Nov-10,90.6,0,,,
11-Nov-10,90.62,0,,,
12-Nov-10,90.31,0,,,
15-Nov-10,90.07,0,,,
16-Nov-10,89.39,0,,,
17-Nov-10,89.31,0,,,
18-Nov-10,89.58,0,,,
19-Nov-10,89.34,0,,,
22-Nov-10,89.19,0,,,
23-Nov-10,88.85,0,,,
24-Nov-10,88.82,0,,,
26-Nov-10,88.94,0,,,
29-Nov-10,88.6,0,,,
30-Nov-10,88.35,0,,,
01-Dec-10,88.11,0.59,,,
02-Dec-10,88.34,0,,,
03-Dec-10,88.52,0,,,
06-Dec-10,88.59,0,,,
07-Dec-10,88.93,0,,,
08-Dec-10,88.83,0,,,
09-Dec-10,88.92,0,,,
10-Dec-10,88.89,0,,,
13-Dec-10,88.92,0,,,
14-Dec-10,88.86,0,,,
15-Dec-10,88.82,0,,,
16-Dec-10,88.73,0,,,
17-Dec-10,88.74,0,,,
20-Dec-10,88.93,0,,,
21-Dec-10,88.85,0,,,
22-Dec-10,89.07,0,,,
23-Dec-10,89.14,0,,,
27-Dec-10,89.28,0,,,
28-Dec-10,88.74,0.58,,,
29-Dec-10,88.85,0,,,
30-Dec-10,88.95,0,,,
31-Dec-10,89.02,0,,,
03-Jan-11,89.42,0,,,
04-Jan-11,89.68,0,,,
05-Jan-11,89.77,0,,,
06-Jan-11,89.91,0,,,
07-Jan-11,89.93,0,,,
10-Jan-11,89.97,0,,,
11-Jan-11,90.1,0,,,
12-Jan-11,90.23,0,,,
13-Jan-11,90.35,0,,,
14-Jan-11,90.37,0,,,
18-Jan-11,90.49,0,,,
19-Jan-11,90.55,0,,,
20-Jan-11,90.51,0,,,
21-Jan-11,90.59,0,,,
24-Jan-11,90.7,0,,,
25-Jan-11,90.8,0,,,
26-Jan-11,90.89,0,,,
27-Jan-11,91.07,0,,,
28-Jan-11,91.11,0,,,
31-Jan-11,91.15,0,,,
01-Feb-11,90.72,0.59,,,
02-Feb-11,90.78,0,,,
03-Feb-11,90.87,0,,,
04-Feb-11,91.07,0,,,
07-Feb-11,91.28,0,,,
08-Feb-11,91.42,0,,,
09-Feb-11,91.35,0,,,
10-Feb-11,91.26,0,,,
11-Feb-11,91.29,0,,,
14-Feb-11,91.34,0,,,
15-Feb-11,91.39,0,,,
16-Feb-11,91.47,0,,,
17-Feb-11,91.57,0,,,
18-Feb-11,91.71,0,,,
22-Feb-11,91.8,0,,,
23-Feb-11,91.59,0,,,
24-Feb-11,91.43,0,,,
25-Feb-11,91.54,0,,,
28-Feb-11,91.75,0,,,
01-Mar-11,91.25,0.58,,,
02-Mar-11,91.25,0,,,
03-Mar-11,91.33,0,,,
04-Mar-11,91.34,0,,,
07-Mar-11,91.32,0,,,
08-Mar-11,91.31,0,,,
09-Mar-11,91.27,0,,,
10-Mar-11,91.12,0,,,
11-Mar-11,91,0,,,
14-Mar-11,90.98,0,,,
15-Mar-11,90.48,0,,,
16-Mar-11,90.57,0,,,
17-Mar-11,90.65,0,,,
18-Mar-11,90.89,0,,,
21-Mar-11,91.07,0,,,
22-Mar-11,91.09,0,,,
23-Mar-11,90.99,0,,,
24-Mar-11,91.08,0,,,
25-Mar-11,91.19,0,,,
28-Mar-11,91.25,0,,,
29-Mar-11,91.21,0,,,
30-Mar-11,91.28,0,,,
31-Mar-11,91.33,0,,,
01-Apr-11,90.87,0.57,,,
04-Apr-11,91.07,0,,,
05-Apr-11,91.16,0,,,
06-Apr-11,91.32,0,,,
07-Apr-11,91.43,0,,,
08-Apr-11,91.49,0,,,
11-Apr-11,91.52,0,,,
12-Apr-11,91.43,0,,,
13-Apr-11,91.47,0,,,
14-Apr-11,91.45,0,,,
15-Apr-11,91.51,0,,,
18-Apr-11,91.43,0,,,
19-Apr-11,91.49,0,,,
20-Apr-11,91.66,0,,,
21-Apr-11,91.74,0,,,
25-Apr-11,91.82,0,,,
26-Apr-11,91.89,0,,,
27-Apr-11,91.93,0,,,
28-Apr-11,91.99,0,,,
29-Apr-11,92.14,0,,,
02-May-11,91.7,0.57,,,
03-May-11,91.71,0,,,
04-May-11,91.75,0,,,
05-May-11,91.74,0,,,
06-May-11,91.82,0,,,
09-May-11,91.89,0,,,
10-May-11,91.99,0,,,
11-May-11,92.02,0,,,
12-May-11,92,0,,,
13-May-11,92.05,0,,,
16-May-11,92.09,0,,,
17-May-11,92.02,0,,,
18-May-11,92,0,,,
19-May-11,92.01,0,,,
20-May-11,92,0,,,
23-May-11,91.88,0,,,
24-May-11,91.84,0,,,
25-May-11,91.74,0,,,
26-May-11,91.68,0,,,
27-May-11,91.72,0,,,
31-May-11,91.79,0,,,
01-Jun-11,91.19,0.57,,,
02-Jun-11,91.1,0,,,
03-Jun-11,90.93,0,,,
06-Jun-11,90.91,0,,,
07-Jun-11,90.78,0,,,
08-Jun-11,90.58,0,,,
09-Jun-11,90.43,0,,,
10-Jun-11,90.37,0,,,
13-Jun-11,90.18,0,,,
14-Jun-11,90.19,0,,,
15-Jun-11,90.04,0,,,
16-Jun-11,89.68,0,,,
17-Jun-11,89.62,0,,,
20-Jun-11,89.28,0,,,
21-Jun-11,89.44,0,,,
22-Jun-11,89.65,0,,,
23-Jun-11,89.5,0,,,
24-Jun-11,89.51,0,,,
27-Jun-11,89.39,0,,,
28-Jun-11,89.48,0,,,
29-Jun-11,89.79,0,,,
30-Jun-11,90.27,0,,,
01-Jul-11,89.88,0.58,,,
05-Jul-11,90.16,0,,,
06-Jul-11,90.19,0,,,
07-Jul-11,90.5,0,,,
08-Jul-11,90.52,0,,,
11-Jul-11,90.19,0,,,
12-Jul-11,90.11,0,,,
13-Jul-11,90.3,0,,,
14-Jul-11,90.35,0,,,
15-Jul-11,90.48,0,,,
18-Jul-11,90.39,0,,,
19-Jul-11,90.4,0,,,
20-Jul-11,90.65,0,,,
21-Jul-11,90.89,0,,,
22-Jul-11,91.08,0,,,
25-Jul-11,91.12,0,,,
26-Jul-11,91.2,0,,,
27-Jul-11,91.02,0,,,
28-Jul-11,90.95,0,,,
29-Jul-11,90.8,0,,,
01-Aug-11,90.29,0.55,,,
02-Aug-11,89.94,0,,,
03-Aug-11,89.6,0,,,
04-Aug-11,88.89,0,,,
05-Aug-11,87.93,0,,,
08-Aug-11,86.34,0,,,
09-Aug-11,84.96,0,,,
10-Aug-11,84.79,0,,,
11-Aug-11,84.33,0,,,
12-Aug-11,85.41,0,,,
15-Aug-11,86.32,0,,,
16-Aug-11,86.31,0,,,
17-Aug-11,86.76,0,,,
18-Aug-11,86.22,0,,,
19-Aug-11,85.84,0,,,
22-Aug-11,85.74,0,,,
23-Aug-11,85.09,0,,,
24-Aug-11,84.92,0,,,
25-Aug-11,85.26,0,,,
26-Aug-11,85.08,0,,,
29-Aug-11,85.51,0,,,
30-Aug-11,85.86,0,,,
31-Aug-11,86.7,0,,,
01-Sep-11,86.51,0.56,,,
02-Sep-11,86.42,0,,,
06-Sep-11,85.72,0,,,
07-Sep-11,86.07,0,,,
08-Sep-11,86.22,0,,,
09-Sep-11,86.05,0,,,
12-Sep-11,85.25,0,,,
13-Sep-11,85.37,0,,,
14-Sep-11,85.67,0,,,
15-Sep-11,85.93,0,,,
16-Sep-11,86.18,0,,,
19-Sep-11,85.96,0,,,
20-Sep-11,86.15,0,,,
21-Sep-11,86.06,0,,,
22-Sep-11,85.3,0,,,
23-Sep-11,84.86,0,,,
26-Sep-11,84.66,0,,,
27-Sep-11,84.79,0,,,
28-Sep-11,84.34,0,,,
29-Sep-11,83.89,0,,,
30-Sep-11,83.09,0,,,
03-Oct-11,81.97,0.54,,,
04-Oct-11,80.39,0,,,
05-Oct-11,80.59,0,,,
06-Oct-11,81.66,0,,,
07-Oct-11,82.22,0,,,
10-Oct-11,82.28,0,,,
11-Oct-11,82.96,0,,,
12-Oct-11,83.97,0,,,
13-Oct-11,84.26,0,,,
14-Oct-11,84.8,0,,,
17-Oct-11,85.04,0,,,
18-Oct-11,85.09,0,,,
19-Oct-11,85.82,0,,,
20-Oct-11,85.99,0,,,
21-Oct-11,86.7,0,,,
24-Oct-11,87.19,0,,,
25-Oct-11,87.62,0,,,
26-Oct-11,87.83,0,,,
27-Oct-11,88.74,0,,,
28-Oct-11,88.79,0,,,
31-Oct-11,88.47,0,,,
01-Nov-11,87.04,0.53,,,
02-Nov-11,87.38,0,,,
03-Nov-11,87.74,0,,,
04-Nov-11,87.76,0,,,
07-Nov-11,87.66,0,,,
08-Nov-11,87.67,0,,,
09-Nov-11,86.81,0,,,
10-Nov-11,86.88,0,,,
11-Nov-11,86.9,0,,,
14-Nov-11,86.7,0,,,
15-Nov-11,86.41,0,,,
16-Nov-11,86.31,0,,,
17-Nov-11,86.02,0,,,
18-Nov-11,85.76,0,,,
21-Nov-11,85.11,0,,,
22-Nov-11,84.74,0,,,
23-Nov-11,84.27,0,,,
25-Nov-11,84.42,0,,,
28-Nov-11,84.66,0,,,
29-Nov-11,84.71,0,,,
30-Nov-11,85.37,0,,,
01-Dec-11,85.31,0.55,,,
02-Dec-11,85.8,0,,,
05-Dec-11,86.32,0,,,
06-Dec-11,86.46,0,,,
07-Dec-11,86.59,0,,,
08-Dec-11,86.6,0,,,
09-Dec-11,86.57,0,,,
12-Dec-11,86.45,0,,,
13-Dec-11,86.58,0,,,
14-Dec-11,86.39,0,,,
15-Dec-11,86.49,0,,,
16-Dec-11,86.56,0,,,
19-Dec-11,86.65,0,,,
20-Dec-11,86.88,0,,,
21-Dec-11,87.06,0,,,
22-Dec-11,87.26,0,,,
23-Dec-11,87.41,0,,,
27-Dec-11,86.98,0.53,,,
28-Dec-11,87.13,0,,,
29-Dec-11,87.33,0,,,
30-Dec-11,87.4,0,,,
03-Jan-12,87.97,0,,,
04-Jan-12,88.19,0,,,
05-Jan-12,88.19,0,,,
06-Jan-12,88.26,0,,,
09-Jan-12,88.29,0,,,
10-Jan-12,88.51,0,,,
11-Jan-12,88.44,0,,,
12-Jan-12,88.42,0,,,
13-Jan-12,88.18,0,,,
17-Jan-12,88.4,0,,,
18-Jan-12,88.46,0,,,
19-Jan-12,88.71,0,,,
20-Jan-12,88.73,0,,,
23-Jan-12,89.02,0,,,
24-Jan-12,89.13,0,,,
25-Jan-12,89.39,0,,,
26-Jan-12,89.94,0,,,
27-Jan-12,89.95,0,,,
30-Jan-12,89.75,0,,,
31-Jan-12,89.86,0,,,
01-Feb-12,89.6,0.51,,,
02-Feb-12,89.61,0,,,
03-Feb-12,89.89,0,,,
06-Feb-12,89.99,0,,,
07-Feb-12,90.05,0,,,
08-Feb-12,90.2,0,,,
09-Feb-12,90.23,0,,,
10-Feb-12,89.87,0,,,
13-Feb-12,90.07,0,,,
14-Feb-12,90.03,0,,,
15-Feb-12,90.01,0,,,
16-Feb-12,89.85,0,,,
17-Feb-12,90.16,0,,,
21-Feb-12,90.35,0,,,
22-Feb-12,90.45,0,,,
23-Feb-12,90.71,0,,,
24-Feb-12,90.99,0,,,
27-Feb-12,91.08,0,,,
28-Feb-12,91.27,0,,,
29-Feb-12,91.4,0,,,
01-Mar-12,90.93,0.54,,,
02-Mar-12,90.9,0,,,
05-Mar-12,90.59,0,,,
06-Mar-12,89.79,0,,,
07-Mar-12,89.96,0,,,
08-Mar-12,90.14,0,,,
09-Mar-12,90.29,0,,,
12-Mar-12,90.31,0,,,
13-Mar-12,90.42,0,,,
14-Mar-12,90.56,0,,,
15-Mar-12,90.39,0,,,
16-Mar-12,90.35,0,,,
19-Mar-12,90.4,0,,,
20-Mar-12,90.3,0,,,
21-Mar-12,90.4,0,,,
22-Mar-12,90.25,0,,,
23-Mar-12,90.14,0,,,
26-Mar-12,90.29,0,,,
27-Mar-12,90.35,0,,,
28-Mar-12,90.35,0,,,
29-Mar-12,90.18,0,,,
30-Mar-12,90.28,0,,,
02-Apr-12,89.78,0.55,,,
03-Apr-12,89.86,0,,,
04-Apr-12,89.72,0,,,
05-Apr-12,89.6,0,,,
09-Apr-12,89.29,0,,,
10-Apr-12,89.11,0,,,
11-Apr-12,89.04,0,,,
12-Apr-12,89.32,0,,,
13-Apr-12,89.34,0,,,
16-Apr-12,89.39,0,,,
17-Apr-12,89.64,0,,,
18-Apr-12,89.67,0,,,
19-Apr-12,89.74,0,,,
20-Apr-12,89.76,0,,,
23-Apr-12,89.79,0,,,
24-Apr-12,89.91,0,,,
25-Apr-12,90.24,0,,,
26-Apr-12,90.24,0,,,
27-Apr-12,90.5,0,,,
30-Apr-12,90.67,0,,,
01-May-12,90.55,0.51,,,
02-May-12,90.47,0,,,
03-May-12,90.57,0,,,
04-May-12,90.61,0,,,
07-May-12,90.63,0,,,
08-May-12,90.58,0,,,
09-May-12,90.43,0,,,
10-May-12,90.57,0,,,
11-May-12,90.5,0,,,
14-May-12,90.28,0,,,
15-May-12,90.08,0,,,
16-May-12,89.65,0,,,
17-May-12,88.89,0,,,
18-May-12,88.47,0,,,
21-May-12,88.13,0,,,
22-May-12,88.55,0,,,
23-May-12,88.21,0,,,
24-May-12,88.28,0,,,
25-May-12,88.31,0,,,
29-May-12,88.61,0,,,
30-May-12,88.44,0,,,
31-May-12,88.33,0,,,
01-Jun-12,87.28,0.54,,,
04-Jun-12,87.05,0,,,
05-Jun-12,86.83,0,,,
06-Jun-12,87.42,0,,,
07-Jun-12,87.95,0,,,
08-Jun-12,87.96,0,,,
11-Jun-12,88.16,0,,,
12-Jun-12,88.03,0,,,
13-Jun-12,88.13,0,,,
14-Jun-12,88.24,0,,,
15-Jun-12,88.45,0,,,
18-Jun-12,88.58,0,,,
19-Jun-12,89.07,0,,,
20-Jun-12,89.47,0,,,
21-Jun-12,89.54,0,,,
22-Jun-12,89.47,0,,,
25-Jun-12,89.37,0,,,
26-Jun-12,89.4,0,,,
27-Jun-12,89.61,0,,,
28-Jun-12,89.66,0,,,
29-Jun-12,90.06,0,,,
02-Jul-12,89.75,0.52,,,
03-Jul-12,89.97,0,,,
05-Jul-12,90.05,0,,,
06-Jul-12,90.08,0,,,
09-Jul-12,90.08,0,,,
10-Jul-12,90.21,0,,,
11-Jul-12,90.26,0,,,
12-Jul-12,90.14,0,,,
13-Jul-12,90.2,0,,,
16-Jul-12,90.24,0,,,
17-Jul-12,90.34,0,,,
18-Jul-12,90.48,0,,,
19-Jul-12,90.71,0,,,
20-Jul-12,90.73,0,,,
23-Jul-12,90.48,0,,,
24-Jul-12,90.47,0,,,
25-Jul-12,90.41,0,,,
26-Jul-12,90.59,0,,,
27-Jul-12,90.77,0,,,
30-Jul-12,91.04,0,,,
31-Jul-12,91.22,0,,,
01-Aug-12,90.86,0.5,,,
02-Aug-12,90.84,0,,,
03-Aug-12,91.06,0,,,
06-Aug-12,91.25,0,,,
07-Aug-12,91.41,0,,,
08-Aug-12,91.38,0,,,
09-Aug-12,91.34,0,,,
10-Aug-12,91.2,0,,,
13-Aug-12,91.23,0,,,
14-Aug-12,91.22,0,,,
15-Aug-12,91.07,0,,,
16-Aug-12,91.01,0,,,
17-Aug-12,91.06,0,,,
20-Aug-12,91.16,0,,,
21-Aug-12,91.32,0,,,
22-Aug-12,91.34,0,,,
23-Aug-12,91.39,0,,,
24-Aug-12,91.37,0,,,
27-Aug-12,91.47,0,,,
28-Aug-12,91.51,0,,,
29-Aug-12,91.55,0,,,
30-Aug-12,91.55,0,,,
31-Aug-12,91.61,0,,,
04-Sep-12,91.19,0.51,,,
05-Sep-12,91.24,0,,,
06-Sep-12,91.48,0,,,
07-Sep-12,91.82,0,,,
10-Sep-12,91.97,0,,,
11-Sep-12,92.19,0,,,
12-Sep-12,92.47,0,,,
13-Sep-12,92.61,0,,,
14-Sep-12,93.06,0,,,
17-Sep-12,93.12,0,,,
18-Sep-12,93.13,0,,,
19-Sep-12,93.13,0,,,
20-Sep-12,92.97,0,,,
21-Sep-12,92.91,0,,,
24-Sep-12,92.72,0,,,
25-Sep-12,92.51,0,,,
26-Sep-12,91.89,0,,,
27-Sep-12,92.11,0,,,
28-Sep-12,92.11,0,,,
01-Oct-12,91.77,0.49,,,
02-Oct-12,91.9,0,,,
03-Oct-12,91.87,0,,,
04-Oct-12,92.01,0,,,
05-Oct-12,92.18,0,,,
08-Oct-12,92.23,0,,,
09-Oct-12,92.21,0,,,
10-Oct-12,92.05,0,,,
11-Oct-12,92.24,0,,,
12-Oct-12,92.28,0,,,
15-Oct-12,92.43,0,,,
16-Oct-12,92.59,0,,,
17-Oct-12,92.86,0,,,
18-Oct-12,92.95,0,,,
19-Oct-12,92.89,0,,,
22-Oct-12,92.97,0,,,
23-Oct-12,92.63,0,,,
24-Oct-12,92.61,0,,,
25-Oct-12,92.72,0,,,
26-Oct-12,92.51,0,,,
31-Oct-12,92.47,0,,,
01-Nov-12,91.98,0.51,,,
02-Nov-12,92.07,0,,,
05-Nov-12,92.13,0,,,
06-Nov-12,92.3,0,,,
07-Nov-12,92.1,0,,,
08-Nov-12,92.01,0,,,
09-Nov-12,91.76,0,,,
12-Nov-12,91.76,0,,,
13-Nov-12,91.54,0,,,
14-Nov-12,91.35,0,,,
15-Nov-12,90.98,0,,,
16-Nov-12,90.8,0,,,
19-Nov-12,91.1,0,,,
20-Nov-12,91.36,0,,,
21-Nov-12,91.52,0,,,
23-Nov-12,91.58,0,,,
26-Nov-12,91.74,0,,,
27-Nov-12,91.9,0,,,
28-Nov-12,91.95,0,,,
29-Nov-12,92.21,0,,,
30-Nov-12,92.39,0,,,
03-Dec-12,92.09,0.49,,,
04-Dec-12,92.22,0,,,
05-Dec-12,92.55,0,,,
06-Dec-12,92.7,0,,,
07-Dec-12,92.96,0,,,
10-Dec-12,93.03,0,,,
11-Dec-12,93.19,0,,,
12-Dec-12,93.35,0,,,
13-Dec-12,93.41,0,,,
14-Dec-12,93.35,0,,,
17-Dec-12,93.35,0,,,
18-Dec-12,93.43,0,,,
19-Dec-12,93.5,0,,,
20-Dec-12,93.59,0,,,
21-Dec-12,93.46,0,,,
24-Dec-12,93.51,0,,,
26-Dec-12,93.01,0.51,,,
27-Dec-12,93.03,0,,,
28-Dec-12,92.99,0,,,
31-Dec-12,92.97,0,,,
02-Jan-13,93.35,0,,,
03-Jan-13,93.57,0,,,
04-Jan-13,93.65,0,,,
07-Jan-13,93.72,0,,,
08-Jan-13,93.82,0,,,
09-Jan-13,93.88,0,,,
10-Jan-13,93.99,0,,,
11-Jan-13,94.08,0,,,
14-Jan-13,94.15,0,,,
15-Jan-13,94.08,0,,,
16-Jan-13,94.01,0,,,
17-Jan-13,94.16,0,,,
18-Jan-13,94.22,0,,,
22-Jan-13,94.32,0,,,
23-Jan-13,94.41,0,,,
24-Jan-13,94.52,0,,,
25-Jan-13,94.62,0,,,
28-Jan-13,94.64,0,,,
29-Jan-13,94.48,0,,,
30-Jan-13,94.32,0,,,
31-Jan-13,93.99,0,,,
01-Feb-13,93.48,0.5,,,
04-Feb-13,93.41,0,,,
05-Feb-13,93.2,0,,,
06-Feb-13,93.15,0,,,
07-Feb-13,93.04,0,,,
08-Feb-13,92.99,0,,,
11-Feb-13,93.04,0,,,
12-Feb-13,93.05,0,,,
13-Feb-13,93.19,0,,,
14-Feb-13,93.24,0,,,
15-Feb-13,93.29,0,,,
19-Feb-13,93.4,0,,,
20-Feb-13,93.46,0,,,
21-Feb-13,93.36,0,,,
22-Feb-13,93.4,0,,,
25-Feb-13,93.53,0,,,
26-Feb-13,93.45,0,,,
27-Feb-13,93.54,0,,,
28-Feb-13,93.71,0,,,
01-Mar-13,93.21,0.51,,,
04-Mar-13,93.29,0,,,
05-Mar-13,93.46,0,,,
06-Mar-13,93.55,0,,,
07-Mar-13,93.63,0,,,
08-Mar-13,93.68,0,,,
11-Mar-13,93.73,0,,,
12-Mar-13,93.79,0,,,
13-Mar-13,93.82,0,,,
14-Mar-13,93.89,0,,,
15-Mar-13,93.99,0,,,
18-Mar-13,93.91,0,,,
19-Mar-13,93.98,0,,,
20-Mar-13,93.97,0,,,
21-Mar-13,94,0,,,
22-Mar-13,94.02,0,,,
25-Mar-13,94.08,0,,,
26-Mar-13,94.02,0,,,
27-Mar-13,94.08,0,,,
28-Mar-13,94.02,0,,,
01-Apr-13,93.66,0.49,,,
02-Apr-13,93.75,0,,,
03-Apr-13,93.81,0,,,
04-Apr-13,93.8,0,,,
05-Apr-13,93.68,0,,,
08-Apr-13,93.76,0,,,
09-Apr-13,93.85,0,,,
10-Apr-13,94.06,0,,,
11-Apr-13,94.27,0,,,
12-Apr-13,94.33,0,,,
15-Apr-13,94.27,0,,,
16-Apr-13,94.23,0,,,
17-Apr-13,94.18,0,,,
18-Apr-13,94.18,0,,,
19-Apr-13,94.21,0,,,
22-Apr-13,94.33,0,,,
23-Apr-13,94.49,0,,,
24-Apr-13,94.64,0,,,
25-Apr-13,94.86,0,,,
26-Apr-13,94.97,0,,,
29-Apr-13,95.15,0,,,
30-Apr-13,95.37,0,,,
01-May-13,95.1,0.47,,,
02-May-13,95.36,0,,,
03-May-13,95.56,0,,,
06-May-13,95.58,0,,,
07-May-13,95.73,0,,,
08-May-13,95.81,0,,,
09-May-13,95.8,0,,,
10-May-13,95.65,0,,,
13-May-13,95.49,0,,,
14-May-13,95.29,0,,,
15-May-13,95.2,0,,,
16-May-13,95.21,0,,,
17-May-13,95.24,0,,,
20-May-13,95.3,0,,,
21-May-13,95.31,0,,,
22-May-13,95.34,0,,,
23-May-13,94.91,0,,,
24-May-13,94.79,0,,,
28-May-13,94.77,0,,,
29-May-13,94.21,0,,,
30-May-13,94.15,0,,,
31-May-13,93.98,0,,,
03-Jun-13,93.12,0.48,,,
04-Jun-13,92.94,0,,,
05-Jun-13,92.24,0,,,
06-Jun-13,92,0,,,
07-Jun-13,92.56,0,,,
10-Jun-13,92.57,0,,,
11-Jun-13,91.86,0,,,
12-Jun-13,91.98,0,,,
13-Jun-13,91.8,0,,,
14-Jun-13,92.16,0,,,
17-Jun-13,92.42,0,,,
18-Jun-13,92.46,0,,,
19-Jun-13,92.48,0,,,
20-Jun-13,91.05,0,,,
21-Jun-13,90.86,0,,,
24-Jun-13,89.7,0,,,
25-Jun-13,89.66,0,,,
26-Jun-13,90.1,0,,,
27-Jun-13,90.69,0,,,
28-Jun-13,90.87,0,,,
01-Jul-13,90.54,0.48,,,
02-Jul-13,90.67,0,,,
03-Jul-13,90.59,0,,,
05-Jul-13,90.4,0,,,
08-Jul-13,90.27,0,,,
09-Jul-13,90.54,0,,,
10-Jul-13,90.74,0,,,
11-Jul-13,91.41,0,,,
12-Jul-13,91.72,0,,,
15-Jul-13,91.92,0,,,
16-Jul-13,92.26,0,,,
17-Jul-13,92.5,0,,,
18-Jul-13,92.88,0,,,
19-Jul-13,93.06,0,,,
22-Jul-13,93.2,0,,,
23-Jul-13,93.29,0,,,
24-Jul-13,93.02,0,,,
25-Jul-13,92.45,0,,,
26-Jul-13,92.32,0,,,
29-Jul-13,92.33,0,,,
30-Jul-13,92.37,0,,,
31-Jul-13,92.21,0,,,
01-Aug-13,91.75,0.45,,,
02-Aug-13,91.59,0,,,
05-Aug-13,91.55,0,,,
06-Aug-13,91.45,0,,,
07-Aug-13,91.32,0,,,
08-Aug-13,91.36,0,,,
09-Aug-13,91.42,0,,,
12-Aug-13,91.42,0,,,
13-Aug-13,91.4,0,,,
14-Aug-13,91.38,0,,,
15-Aug-13,91.13,0,,,
16-Aug-13,91.06,0,,,
19-Aug-13,90.88,0,,,
20-Aug-13,90.72,0,,,
21-Aug-13,90.6,0,,,
22-Aug-13,90.51,0,,,
23-Aug-13,90.6,0,,,
26-Aug-13,90.72,0,,,
27-Aug-13,90.76,0,,,
28-Aug-13,90.74,0,,,
29-Aug-13,90.84,0,,,
30-Aug-13,90.9,0,,,
03-Sep-13,90.58,0.48,,,
04-Sep-13,90.51,0,,,
05-Sep-13,90.34,0,,,
06-Sep-13,90.38,0,,,
09-Sep-13,90.48,0,,,
10-Sep-13,90.55,0,,,
11-Sep-13,90.64,0,,,
12-Sep-13,90.79,0,,,
13-Sep-13,90.86,0,,,
16-Sep-13,91.2,0,,,
17-Sep-13,91.25,0,,,
18-Sep-13,91.38,0,,,
19-Sep-13,91.97,0,,,
20-Sep-13,91.99,0,,,
23-Sep-13,91.92,0,,,
24-Sep-13,91.86,0,,,
25-Sep-13,91.78,0,,,
26-Sep-13,91.72,0,,,
27-Sep-13,91.62,0,,,
30-Sep-13,91.41,0,,,
01-Oct-13,91.05,0.44,,,
02-Oct-13,91.15,0,,,
03-Oct-13,91.33,0,,,
04-Oct-13,91.44,0,,,
07-Oct-13,91.51,0,,,
08-Oct-13,91.54,0,,,
09-Oct-13,91.52,0,,,
10-Oct-13,91.66,0,,,
11-Oct-13,91.77,0,,,
14-Oct-13,91.82,0,,,
15-Oct-13,91.96,0,,,
16-Oct-13,92.12,0,,,
17-Oct-13,92.41,0,,,
18-Oct-13,92.73,0,,,
21-Oct-13,92.91,0,,,
22-Oct-13,93.05,0,,,
23-Oct-13,93.1,0,,,
24-Oct-13,93.18,0,,,
25-Oct-13,93.2,0,,,
28-Oct-13,93.27,0,,,
29-Oct-13,93.31,0,,,
30-Oct-13,93.41,0,,,
31-Oct-13,93.35,0,,,
01-Nov-13,92.89,0.45,,,
04-Nov-13,92.91,0,,,
05-Nov-13,92.78,0,,,
06-Nov-13,92.79,0,,,
07-Nov-13,92.84,0,,,
08-Nov-13,92.57,0,,,
11-Nov-13,92.61,0,,,
12-Nov-13,92.47,0,,,
13-Nov-13,92.32,0,,,
14-Nov-13,92.48,0,,,
15-Nov-13,92.58,0,,,
18-Nov-13,92.77,0,,,
19-Nov-13,92.82,0,,,
20-Nov-13,92.85,0,,,
21-Nov-13,92.77,0,,,
22-Nov-13,92.85,0,,,
25-Nov-13,92.97,0,,,
26-Nov-13,93.06,0,,,
27-Nov-13,93.11,0,,,
29-Nov-13,93.12,0,,,
02-Dec-13,92.71,0.45,,,
03-Dec-13,92.72,0,,,
04-Dec-13,92.65,0,,,
05-Dec-13,92.64,0,,,
06-Dec-13,92.69,0,,,
09-Dec-13,92.77,0,,,
10-Dec-13,92.87,0,,,
11-Dec-13,92.91,0,,,
12-Dec-13,92.83,0,,,
13-Dec-13,92.78,0,,,
16-Dec-13,92.82,0,,,
17-Dec-13,92.82,0,,,
18-Dec-13,92.83,0,,,
19-Dec-13,92.87,0,,,
20-Dec-13,92.9,0,,,
23-Dec-13,92.93,0,,,
24-Dec-13,92.93,0,,,
26-Dec-13,92.5,0.47,,,
27-Dec-13,92.5,0,,,
30-Dec-13,92.6,0,,,
31-Dec-13,92.62,0,,,
02-Jan-14,92.73,0,,,
03-Jan-14,92.78,0,,,
06-Jan-14,92.92,0,,,
07-Jan-14,93.08,0,,,
08-Jan-14,93.1,0,,,
09-Jan-14,93.14,0,,,
10-Jan-14,93.22,0,,,
13-Jan-14,93.34,0,,,
14-Jan-14,93.36,0,,,
15-Jan-14,93.46,0,,,
16-Jan-14,93.53,0,,,
17-Jan-14,93.58,0,,,
21-Jan-14,93.65,0,,,
22-Jan-14,93.68,0,,,
23-Jan-14,93.62,0,,,
24-Jan-14,93.24,0,,,
27-Jan-14,93.11,0,,,
28-Jan-14,93.18,0,,,
29-Jan-14,93.1,0,,,
30-Jan-14,93.19,0,,,
31-Jan-14,93.12,0,,,
03-Feb-14,92.66,0.46,,,
04-Feb-14,92.55,0,,,
05-Feb-14,92.57,0,,,
06-Feb-14,92.72,0,,,
07-Feb-14,92.91,0,,,
10-Feb-14,93.04,0,,,
11-Feb-14,93.2,0,,,
12-Feb-14,93.34,0,,,
13-Feb-14,93.4,0,,,
14-Feb-14,93.49,0,,,
18-Feb-14,93.64,0,,,
19-Feb-14,93.79,0,,,
20-Feb-14,93.89,0,,,
21-Feb-14,93.99,0,,,
24-Feb-14,94.16,0,,,
25-Feb-14,94.31,0,,,
26-Feb-14,94.44,0,,,
27-Feb-14,94.53,0,,,
28-Feb-14,94.64,0,,,
03-Mar-14,94.12,0.46,,,
04-Mar-14,94.17,0,,,
05-Mar-14,94.17,0,,,
06-Mar-14,94.11,0,,,
07-Mar-14,93.89,0,,,
10-Mar-14,93.83,0,,,
11-Mar-14,93.84,0,,,
12-Mar-14,93.78,0,,,
13-Mar-14,93.81,0,,,
14-Mar-14,93.65,0,,,
17-Mar-14,93.75,0,,,
18-Mar-14,93.89,0,,,
19-Mar-14,94,0,,,
20-Mar-14,93.81,0,,,
21-Mar-14,93.9,0,,,
24-Mar-14,93.95,0,,,
25-Mar-14,93.99,0,,,
26-Mar-14,94.07,0,,,
27-Mar-14,94.04,0,,,
28-Mar-14,94.09,0,,,
31-Mar-14,94.16,0,,,
01-Apr-14,93.78,0.45,,,
02-Apr-14,93.81,0,,,
03-Apr-14,93.85,0,,,
04-Apr-14,93.95,0,,,
07-Apr-14,93.94,0,,,
08-Apr-14,93.93,0,,,
09-Apr-14,93.97,0,,,
10-Apr-14,94.06,0,,,
11-Apr-14,93.88,0,,,
14-Apr-14,93.95,0,,,
15-Apr-14,93.96,0,,,
16-Apr-14,93.97,0,,,
17-Apr-14,93.95,0,,,
21-Apr-14,94,0,,,
22-Apr-14,94.02,0,,,
23-Apr-14,94.07,0,,,
24-Apr-14,94.12,0,,,
25-Apr-14,94.1,0,,,
28-Apr-14,94.13,0,,,
29-Apr-14,94.14,0,,,
30-Apr-14,94.22,0,,,
01-May-14,93.83,0.42,,,
02-May-14,93.86,0,,,
05-May-14,93.9,0,,,
06-May-14,93.95,0,,,
07-May-14,93.99,0,,,
08-May-14,94.06,0,,,
09-May-14,94.11,0,,,
12-May-14,94.2,0,,,
13-May-14,94.29,0,,,
14-May-14,94.36,0,,,
15-May-14,94.33,0,,,
16-May-14,94.31,0,,,
19-May-14,94.35,0,,,
20-May-14,94.41,0,,,
21-May-14,94.4,0,,,
22-May-14,94.34,0,,,
23-May-14,94.33,0,,,
27-May-14,94.43,0,,,
28-May-14,94.48,0,,,
29-May-14,94.56,0,,,
30-May-14,94.64,0,,,
02-Jun-14,94.24,0.43,,,
03-Jun-14,94.22,0,,,
04-Jun-14,94.24,0,,,
05-Jun-14,94.33,0,,,
06-Jun-14,94.47,0,,,
09-Jun-14,94.56,0,,,
10-Jun-14,94.64,0,,,
11-Jun-14,94.64,0,,,
12-Jun-14,94.67,0,,,
13-Jun-14,94.72,0,,,
16-Jun-14,94.75,0,,,
17-Jun-14,94.78,0,,,
18-Jun-14,94.8,0,,,
19-Jun-14,94.93,0,,,
20-Jun-14,95,0,,,
23-Jun-14,95.06,0,,,
24-Jun-14,95.11,0,,,
25-Jun-14,95.04,0,,,
26-Jun-14,95.03,0,,,
27-Jun-14,94.99,0,,,
30-Jun-14,95,0,,,
01-Jul-14,94.59,0.42,,,
02-Jul-14,94.59,0,,,
03-Jul-14,94.58,0,,,
07-Jul-14,94.63,0,,,
08-Jul-14,94.61,0,,,
09-Jul-14,94.55,0,,,
10-Jul-14,94.36,0,,,
11-Jul-14,94.33,0,,,
14-Jul-14,94.41,0,,,
15-Jul-14,94.29,0,,,
16-Jul-14,94.17,0,,,
17-Jul-14,93.98,0,,,
18-Jul-14,93.74,0,,,
21-Jul-14,93.75,0,,,
22-Jul-14,93.81,0,,,
23-Jul-14,93.94,0,,,
24-Jul-14,94.01,0,,,
25-Jul-14,93.96,0,,,
28-Jul-14,93.94,0,,,
29-Jul-14,93.85,0,,,
30-Jul-14,93.62,0,,,
31-Jul-14,93.02,0,,,
01-Aug-14,91.91,0.43,,,
04-Aug-14,92.1,0,,,
05-Aug-14,92.43,0,,,
06-Aug-14,92.36,0,,,
07-Aug-14,92.56,0,,,
08-Aug-14,92.54,0,,,
11-Aug-14,92.82,0,,,
12-Aug-14,92.98,0,,,
13-Aug-14,93.3,0,,,
14-Aug-14,93.49,0,,,
15-Aug-14,93.62,0,,,
18-Aug-14,93.75,0,,,
19-Aug-14,93.91,0,,,
20-Aug-14,93.96,0,,,
21-Aug-14,94.01,0,,,
22-Aug-14,93.97,0,,,
25-Aug-14,94.04,0,,,
26-Aug-14,94.06,0,,,
27-Aug-14,94.07,0,,,
28-Aug-14,94.05,0,,,
29-Aug-14,94.05,0,,,
02-Sep-14,93.64,0.43,,,
03-Sep-14,93.55,0,,,
04-Sep-14,93.41,0,,,
05-Sep-14,93.16,0,,,
08-Sep-14,93.15,0,,,
09-Sep-14,93.02,0,,,
10-Sep-14,92.69,0,,,
11-Sep-14,92.54,0,,,
12-Sep-14,92.48,0,,,
15-Sep-14,92.45,0,,,
16-Sep-14,92.32,0,,,
17-Sep-14,92.41,0,,,
18-Sep-14,92.6,0,,,
19-Sep-14,92.71,0,,,
22-Sep-14,92.69,0,,,
23-Sep-14,92.44,0,,,
24-Sep-14,92.14,0,,,
25-Sep-14,91.71,0,,,
26-Sep-14,91.24,0,,,
29-Sep-14,91.02,0,,,
30-Sep-14,91.4,0,,,
01-Oct-14,91.25,0.39,,,
02-Oct-14,91.31,0,,,
03-Oct-14,91.67,0,,,
06-Oct-14,91.98,0,,,
07-Oct-14,91.84,0,,,
08-Oct-14,91.61,0,,,
09-Oct-14,91.49,0,,,
10-Oct-14,90.93,0,,,
13-Oct-14,90.94,0,,,
14-Oct-14,90.58,0,,,
15-Oct-14,90.08,0,,,
16-Oct-14,90.17,0,,,
17-Oct-14,91.46,0,,,
20-Oct-14,91.58,0,,,
21-Oct-14,92.18,0,,,
22-Oct-14,92.42,0,,,
23-Oct-14,92.38,0,,,
24-Oct-14,92.46,0,,,
27-Oct-14,92.41,0,,,
28-Oct-14,92.4,0,,,
29-Oct-14,92.42,0,,,
30-Oct-14,92.36,0,,,
31-Oct-14,92.51,0,,,
03-Nov-14,92.11,0.4,,,
04-Nov-14,91.87,0,,,
05-Nov-14,91.91,0,,,
06-Nov-14,91.91,0,,,
07-Nov-14,91.91,0,,,
10-Nov-14,91.98,0,,,
11-Nov-14,91.99,0,,,
12-Nov-14,91.96,0,,,
13-Nov-14,91.89,0,,,
14-Nov-14,91.7,0,,,
17-Nov-14,91.55,0,,,
18-Nov-14,91.32,0,,,
19-Nov-14,91.08,0,,,
20-Nov-14,90.97,0,,,
21-Nov-14,91.37,0,,,
24-Nov-14,91.43,0,,,
25-Nov-14,91.53,0,,,
26-Nov-14,91.55,0,,,
28-Nov-14,91.17,0,,,
01-Dec-14,90.3,0.42,,,
02-Dec-14,90.07,0,,,
03-Dec-14,90.07,0,,,
04-Dec-14,90.13,0,,,
05-Dec-14,90.07,0,,,
08-Dec-14,89.92,0,,,
09-Dec-14,89.28,0,,,
10-Dec-14,88.91,0,,,
11-Dec-14,88.65,0,,,
12-Dec-14,88.11,0,,,
15-Dec-14,87.66,0,,,
16-Dec-14,87.01,0,,,
17-Dec-14,87.55,0,,,
18-Dec-14,89.13,0,,,
19-Dec-14,89.36,0,,,
22-Dec-14,89.61,0,,,
23-Dec-14,89.72,0,,,
24-Dec-14,89.38,0.39,,,
26-Dec-14,89.42,0,,,
29-Dec-14,89.49,0,,,
30-Dec-14,89.51,0,,,
31-Dec-14,89.43,0,,,
02-Jan-15,89.45,0,,,
05-Jan-15,89.32,0,,,
06-Jan-15,88.92,0,,,
07-Jan-15,89.08,0,,,
08-Jan-15,89.51,0,,,
09-Jan-15,89.68,0,,,
12-Jan-15,89.63,0,,,
13-Jan-15,89.64,0,,,
14-Jan-15,89.44,0,,,
15-Jan-15,89.49,0,,,
16-Jan-15,89.34,0,,,
20-Jan-15,89.41,0,,,
21-Jan-15,89.41,0,,,
22-Jan-15,89.61,0,,,
23-Jan-15,89.73,0,,,
26-Jan-15,89.83,0,,,
27-Jan-15,89.85,0,,,
28-Jan-15,90.06,0,,,
29-Jan-15,90.06,0,,,
30-Jan-15,90.11,0,,,
02-Feb-15,89.75,0.36,,,
03-Feb-15,90.03,0,,,
04-Feb-15,90.2,0,,,
05-Feb-15,90.43,0,,,
06-Feb-15,90.67,0,,,
09-Feb-15,90.7,0,,,
10-Feb-15,90.75,0,,,
11-Feb-15,90.68,0,,,
12-Feb-15,90.71,0,,,
13-Feb-15,90.83,0,,,
17-Feb-15,90.98,0,,,
18-Feb-15,91.04,0,,,
19-Feb-15,91.07,0,,,
20-Feb-15,91.13,0,,,
23-Feb-15,91.13,0,,,
24-Feb-15,91.28,0,,,
25-Feb-15,91.45,0,,,
26-Feb-15,91.65,0,,,
27-Feb-15,91.66,0,,,
02-Mar-15,91.36,0.39,,,
03-Mar-15,91.25,0,,,
04-Mar-15,91.01,0,,,
05-Mar-15,91.03,0,,,
06-Mar-15,90.81,0,,,
09-Mar-15,90.62,0,,,
10-Mar-15,90.29,0,,,
11-Mar-15,90.29,0,,,
12-Mar-15,90.36,0,,,
13-Mar-15,90.09,0,,,
16-Mar-15,89.94,0,,,
17-Mar-15,89.72,0,,,
18-Mar-15,89.64,0,,,
19-Mar-15,90.04,0,,,
20-Mar-15,90.07,0,,,
23-Mar-15,90.2,0,,,
24-Mar-15,90.32,0,,,
25-Mar-15,90.42,0,,,
26-Mar-15,90.35,0,,,
27-Mar-15,90.35,0,,,
30-Mar-15,90.48,0,,,
31-Mar-15,90.53,0,,,
01-Apr-15,90.14,0.41,,,
02-Apr-15,90.18,0,,,
06-Apr-15,90.42,0,,,
07-Apr-15,90.66,0,,,
08-Apr-15,90.86,0,,,
09-Apr-15,90.87,0,,,
10-Apr-15,90.91,0,,,
13-Apr-15,91.02,0,,,
14-Apr-15,90.96,0,,,
15-Apr-15,91.12,0,,,
16-Apr-15,91.12,0,,,
17-Apr-15,91.08,0,,,
20-Apr-15,91.15,0,,,
21-Apr-15,91.19,0,,,
22-Apr-15,91.19,0,,,
23-Apr-15,91.18,0,,,
24-Apr-15,91.19,0,,,
27-Apr-15,91.26,0,,,
28-Apr-15,91.17,0,,,
29-Apr-15,91.08,0,,,
30-Apr-15,91.03,0,,,
01-May-15,90.61,0.4,,,
04-May-15,90.69,0,,,
05-May-15,90.68,0,,,
06-May-15,90.5,0,,,
07-May-15,90.38,0,,,
08-May-15,90.57,0,,,
11-May-15,90.68,0,,,
12-May-15,90.3,0,,,
13-May-15,90.45,0,,,
14-May-15,90.52,0,,,
15-May-15,90.59,0,,,
18-May-15,90.64,0,,,
19-May-15,90.55,0,,,
20-May-15,90.49,0,,,
21-May-15,90.55,0,,,
22-May-15,90.56,0,,,
26-May-15,90.61,0,,,
27-May-15,90.66,0,,,
28-May-15,90.68,0,,,
29-May-15,90.68,0,,,
01-Jun-15,90.3,0.4,,,
02-Jun-15,90.21,0,,,
03-Jun-15,90.04,0,,,
04-Jun-15,89.84,0,,,
05-Jun-15,89.53,0,,,
08-Jun-15,89.47,0,,,
09-Jun-15,89.22,0,,,
10-Jun-15,89.21,0,,,
11-Jun-15,89.35,0,,,
12-Jun-15,89.3,0,,,
15-Jun-15,89.07,0,,,
16-Jun-15,88.97,0,,,
17-Jun-15,89.05,0,,,
18-Jun-15,89.17,0,,,
19-Jun-15,89.34,0,,,
22-Jun-15,89.5,0,,,
23-Jun-15,89.48,0,,,
24-Jun-15,89.46,0,,,
25-Jun-15,89.32,0,,,
26-Jun-15,89.18,0,,,
29-Jun-15,88.71,0,,,
30-Jun-15,88.68,0,,,
01-Jul-15,88.46,0.39,,,
02-Jul-15,88.52,0,,,
06-Jul-15,88.29,0,,,
07-Jul-15,88.18,0,,,
08-Jul-15,88.05,0,,,
09-Jul-15,88.16,0,,,
10-Jul-15,88.25,0,,,
13-Jul-15,88.37,0,,,
14-Jul-15,88.42,0,,,
15-Jul-15,88.54,0,,,
16-Jul-15,88.57,0,,,
17-Jul-15,88.32,0,,,
20-Jul-15,88.22,0,,,
21-Jul-15,87.97,0,,,
22-Jul-15,87.51,0,,,
23-Jul-15,87.42,0,,,
24-Jul-15,87.35,0,,,
27-Jul-15,87,0,,,
28-Jul-15,87.02,0,,,
29-Jul-15,87.5,0,,,
30-Jul-15,87.84,0,,,
31-Jul-15,87.87,0,,,
03-Aug-15,87.42,0.4,,,
04-Aug-15,87.39,0,,,
05-Aug-15,87.33,0,,,
06-Aug-15,87.06,0,,,
07-Aug-15,86.69,0,,,
10-Aug-15,86.61,0,,,
11-Aug-15,86.28,0,,,
12-Aug-15,85.89,0,,,
13-Aug-15,86.11,0,,,
14-Aug-15,86.13,0,,,
17-Aug-15,86.15,0,,,
18-Aug-15,86.11,0,,,
19-Aug-15,85.94,0,,,
20-Aug-15,85.73,0,,,
21-Aug-15,85.5,0,,,
24-Aug-15,84.58,0,,,
25-Aug-15,85.1,0,,,
26-Aug-15,85.16,0,,,
27-Aug-15,85.57,0,,,
28-Aug-15,85.84,0,,,
31-Aug-15,85.92,0,,,
01-Sep-15,85.44,0.38,,,
02-Sep-15,85.47,0,,,
03-Sep-15,85.72,0,,,
04-Sep-15,85.67,0,,,
08-Sep-15,85.91,0,,,
09-Sep-15,86.17,0,,,
10-Sep-15,86.09,0,,,
11-Sep-15,86.12,0,,,
14-Sep-15,86.12,0,,,
15-Sep-15,86.02,0,,,
16-Sep-15,85.72,0,,,
17-Sep-15,85.65,0,,,
18-Sep-15,85.55,0,,,
21-Sep-15,85.46,0,,,
22-Sep-15,84.92,0,,,
23-Sep-15,84.79,0,,,
24-Sep-15,84.29,0,,,
25-Sep-15,84.1,0,,,
28-Sep-15,83.17,0,,,
29-Sep-15,82.76,0,,,
30-Sep-15,82.86,0,,,
01-Oct-15,82.31,0.4,,,
02-Oct-15,81.96,0,,,
05-Oct-15,82.54,0,,,
06-Oct-15,83.1,0,,,
07-Oct-15,83.89,0,,,
08-Oct-15,84.08,0,,,
09-Oct-15,84.66,0,,,
12-Oct-15,84.7,0,,,
13-Oct-15,84.58,0,,,
14-Oct-15,84.49,0,,,
15-Oct-15,84.43,0,,,
16-Oct-15,84.69,0,,,
19-Oct-15,84.84,0,,,
20-Oct-15,85.06,0,,,
21-Oct-15,85.09,0,,,
22-Oct-15,84.97,0,,,
23-Oct-15,85.26,0,,,
26-Oct-15,85.24,0,,,
27-Oct-15,85.05,0,,,
28-Oct-15,85.15,0,,,
29-Oct-15,85.16,0,,,
30-Oct-15,85.13,0,,,
02-Nov-15,84.92,0.39,,,
03-Nov-15,85.06,0,,,
04-Nov-15,85.13,0,,,
05-Nov-15,84.8,0,,,
06-Nov-15,84.45,0,,,
09-Nov-15,84.14,0,,,
10-Nov-15,83.87,0,,,
11-Nov-15,83.88,0,,,
12-Nov-15,83.43,0,,,
13-Nov-15,83.07,0,,,
16-Nov-15,82.89,0,,,
17-Nov-15,83.21,0,,,
18-Nov-15,83.21,0,,,
19-Nov-15,82.87,0,,,
20-Nov-15,82.7,0,,,
23-Nov-15,82.59,0,,,
24-Nov-15,82.43,0,,,
25-Nov-15,82.56,0,,,
27-Nov-15,82.59,0,,,
30-Nov-15,82.71,0,,,
01-Dec-15,82.62,0.4,,,
02-Dec-15,82.85,0,,,
03-Dec-15,82.55,0,,,
04-Dec-15,82.27,0,,,
07-Dec-15,81.87,0,,,
08-Dec-15,81.32,0,,,
09-Dec-15,81.29,0,,,
10-Dec-15,81.17,0,,,
11-Dec-15,80.09,0,,,
14-Dec-15,79.08,0,,,
15-Dec-15,79.6,0,,,
16-Dec-15,80.07,0,,,
17-Dec-15,80.01,0,,,
18-Dec-15,79.45,0,,,
21-Dec-15,79.38,0,,,
22-Dec-15,79.56,0,,,
23-Dec-15,79.9,0,,,
24-Dec-15,79.6,0.42,,,
28-Dec-15,79.58,0,,,
29-Dec-15,79.89,0,,,
30-Dec-15,79.96,0,,,
31-Dec-15,79.97,0,,,
04-Jan-16,79.67,0,,,
05-Jan-16,80,0,,,
06-Jan-16,80.08,0,,,
07-Jan-16,79.75,0,,,
08-Jan-16,79.86,0,,,
11-Jan-16,79.57,0,,,
12-Jan-16,79.45,0,,,
13-Jan-16,79.03,0,,,
14-Jan-16,78.59,0,,,
15-Jan-16,77.65,0,,,
19-Jan-16,77.62,0,,,
20-Jan-16,76.46,0,,,
21-Jan-16,76.92,0,,,
22-Jan-16,77.81,0,,,
25-Jan-16,78.05,0,,,
26-Jan-16,78.19,0,,,
27-Jan-16,78.37,0,,,
28-Jan-16,78.6,0,,,
29-Jan-16,78.86,0,,,
01-Feb-16,78.36,0.39,,,
02-Feb-16,77.87,0,,,
03-Feb-16,77.63,0,,,
04-Feb-16,77.76,0,,,
05-Feb-16,77.41,0,,,
08-Feb-16,76.37,0,,,
09-Feb-16,75.9,0,,,
10-Feb-16,76.21,0,,,
11-Feb-16,75.19,0,,,
12-Feb-16,75.78,0,,,
16-Feb-16,76.34,0,,,
17-Feb-16,77.1,0,,,
18-Feb-16,77.43,0,,,
19-Feb-16,77.18,0,,,
22-Feb-16,77.64,0,,,
23-Feb-16,77.6,0,,,
24-Feb-16,77.41,0,,,
25-Feb-16,77.92,0,,,
26-Feb-16,78.63,0,,,
29-Feb-16,79.1,0,,,
01-Mar-16,79.32,0.42,,,
02-Mar-16,79.83,0,,,
03-Mar-16,80.03,0,,,
04-Mar-16,80.51,0,,,
07-Mar-16,80.69,0,,,
08-Mar-16,80.45,0,,,
09-Mar-16,80.28,0,,,
10-Mar-16,80.45,0,,,
11-Mar-16,81.24,0,,,
14-Mar-16,81.4,0,,,
15-Mar-16,81.01,0,,,
16-Mar-16,80.81,0,,,
17-Mar-16,81.39,0,,,
18-Mar-16,81.84,0,,,
21-Mar-16,81.93,0,,,
22-Mar-16,81.79,0,,,
23-Mar-16,81.56,0,,,
24-Mar-16,80.96,0,,,
28-Mar-16,80.89,0,,,
29-Mar-16,80.63,0,,,
30-Mar-16,81.04,0,,,
31-Mar-16,81.29,0,,,
01-Apr-16,80.93,0.38,,,
04-Apr-16,81.07,0,,,
05-Apr-16,80.77,0,,,
06-Apr-16,81.11,0,,,
07-Apr-16,80.97,0,,,
08-Apr-16,81.25,0,,,
11-Apr-16,81.45,0,,,
12-Apr-16,81.74,0,,,
13-Apr-16,82.3,0,,,
14-Apr-16,82.51,0,,,
15-Apr-16,82.39,0,,,
18-Apr-16,82.39,0,,,
19-Apr-16,82.91,0,,,
20-Apr-16,83.18,0,,,
21-Apr-16,83.19,0,,,
22-Apr-16,83.1,0,,,
25-Apr-16,83,0,,,
26-Apr-16,83.1,0,,,
27-Apr-16,83.37,0,,,
28-Apr-16,83.76,0,,,
29-Apr-16,83.58,0,,,
02-May-16,83.21,0.38,,,
03-May-16,82.85,0,,,
04-May-16,82.6,0,,,
05-May-16,82.5,0,,,
06-May-16,82.2,0,,,
09-May-16,82.21,0,,,
10-May-16,82.46,0,,,
11-May-16,82.73,0,,,
12-May-16,82.75,0,,,
13-May-16,82.65,0,,,
16-May-16,82.83,0,,,
17-May-16,82.96,0,,,
18-May-16,82.9,0,,,
19-May-16,82.44,0,,,
20-May-16,82.76,0,,,
23-May-16,82.89,0,,,
24-May-16,83.14,0,,,
25-May-16,83.38,0,,,
26-May-16,83.44,0,,,
27-May-16,83.44,0,,,
31-May-16,83.52,0,,,
01-Jun-16,82.91,0.4,,,
02-Jun-16,83,0,,,
03-Jun-16,83.12,0,,,
06-Jun-16,83.45,0,,,
07-Jun-16,83.75,0,,,
08-Jun-16,84.11,0,,,
09-Jun-16,84,0,,,
10-Jun-16,83.63,0,,,
13-Jun-16,83.47,0,,,
14-Jun-16,82.85,0,,,
15-Jun-16,83.04,0,,,
16-Jun-16,82.56,0,,,
17-Jun-16,82.92,0,,,
20-Jun-16,83.55,0,,,
21-Jun-16,83.52,0,,,
22-Jun-16,83.67,0,,,
23-Jun-16,83.97,0,,,
24-Jun-16,83.21,0,,,
27-Jun-16,82.49,0,,,
28-Jun-16,82.63,0,,,
29-Jun-16,83.33,0,,,
30-Jun-16,83.66,0,,,
01-Jul-16,83.66,0.4,,,
05-Jul-16,83.65,0,,,
06-Jul-16,83.69,0,,,
07-Jul-16,84.05,0,,,
08-Jul-16,84.5,0,,,
11-Jul-16,85.08,0,,,
12-Jul-16,85.61,0,,,
13-Jul-16,85.3,0,,,
14-Jul-16,85.52,0,,,
15-Jul-16,85.48,0,,,
18-Jul-16,85.42,0,,,
19-Jul-16,85.47,0,,,
20-Jul-16,85.56,0,,,
21-Jul-16,85.58,0,,,
22-Jul-16,85.66,0,,,
25-Jul-16,85.65,0,,,
26-Jul-16,85.45,0,,,
27-Jul-16,85.38,0,,,
28-Jul-16,85.29,0,,,
29-Jul-16,85.17,0,,,
01-Aug-16,84.72,0.38,,,
02-Aug-16,84.51,0,,,
03-Aug-16,84.56,0,,,
04-Aug-16,84.94,0,,,
05-Aug-16,85.24,0,,,
08-Aug-16,85.45,0,,,
09-Aug-16,85.82,0,,,
10-Aug-16,85.88,0,,,
11-Aug-16,85.91,0,,,
12-Aug-16,86.01,0,,,
15-Aug-16,86.17,0,,,
16-Aug-16,86.3,0,,,
17-Aug-16,86.29,0,,,
18-Aug-16,86.38,0,,,
19-Aug-16,86.38,0,,,
22-Aug-16,86.39,0,,,
23-Aug-16,86.51,0,,,
24-Aug-16,86.55,0,,,
25-Aug-16,86.53,0,,,
26-Aug-16,86.55,0,,,
29-Aug-16,86.59,0,,,
30-Aug-16,86.65,0,,,
31-Aug-16,86.6,0,,,
01-Sep-16,86.17,0.37,,,
02-Sep-16,86.24,0,,,
06-Sep-16,86.4,0,,,
07-Sep-16,86.48,0,,,
08-Sep-16,86.55,0,,,
09-Sep-16,86.13,0,,,
12-Sep-16,85.91,0,,,
13-Sep-16,85.61,0,,,
14-Sep-16,85.54,0,,,
15-Sep-16,85.56,0,,,
16-Sep-16,85.49,0,,,
19-Sep-16,85.6,0,,,
20-Sep-16,85.64,0,,,
21-Sep-16,85.73,0,,,
22-Sep-16,86.28,0,,,
23-Sep-16,86.34,0,,,
26-Sep-16,86.21,0,,,
27-Sep-16,86.14,0,,,
28-Sep-16,86.31,0,,,
29-Sep-16,86.53,0,,,
30-Sep-16,86.63,0,,,
03-Oct-16,86.37,0.39,,,
04-Oct-16,86.48,0,,,
05-Oct-16,86.57,0,,,
06-Oct-16,86.61,0,,,
07-Oct-16,86.65,0,,,
10-Oct-16,86.69,0,,,
11-Oct-16,86.67,0,,,
12-Oct-16,86.64,0,,,
13-Oct-16,86.48,0,,,
14-Oct-16,86.62,0,,,
17-Oct-16,86.66,0,,,
18-Oct-16,86.8,0,,,
19-Oct-16,87.03,0,,,
20-Oct-16,87.12,0,,,
21-Oct-16,87.12,0,,,
24-Oct-16,87.18,0,,,
25-Oct-16,87.16,0,,,
26-Oct-16,86.93,0,,,
27-Oct-16,86.69,0,,,
28-Oct-16,86.45,0,,,
31-Oct-16,86.14,0,,,
01-Nov-16,85.3,0.39,,,
02-Nov-16,85.07,0,,,
03-Nov-16,85.12,0,,,
04-Nov-16,85.04,0,,,
07-Nov-16,85.55,0,,,
08-Nov-16,85.52,0,,,
09-Nov-16,85.27,0,,,
10-Nov-16,84.96,0,,,
11-Nov-16,84.98,0,,,
14-Nov-16,84.09,0,,,
15-Nov-16,84.58,0,,,
16-Nov-16,84.65,0,,,
17-Nov-16,84.8,0,,,
18-Nov-16,84.66,0,,,
21-Nov-16,84.81,0,,,
22-Nov-16,85.13,0,,,
23-Nov-16,85.16,0,,,
25-Nov-16,85.16,0,,,
28-Nov-16,85.31,0,,,
29-Nov-16,85.27,0,,,
30-Nov-16,85.38,0,,,
01-Dec-16,84.96,0.38,,,
02-Dec-16,85.01,0,,,
05-Dec-16,85.19,0,,,
06-Dec-16,85.46,0,,,
07-Dec-16,85.84,0,,,
08-Dec-16,85.96,0,,,
09-Dec-16,86.14,0,,,
12-Dec-16,86.28,0,,,
13-Dec-16,86.36,0,,,
14-Dec-16,86.38,0,,,
15-Dec-16,85.95,0,,,
16-Dec-16,85.92,0,,,
19-Dec-16,86,0,,,
20-Dec-16,86.06,0,,,
21-Dec-16,86.13,0,,,
22-Dec-16,85.92,0.29,,,
23-Dec-16,86.02,0,,,
27-Dec-16,86.1,0,,,
28-Dec-16,86.19,0,,,
29-Dec-16,86.25,0,,,
30-Dec-16,86.26,0,,,
03-Jan-17,86.51,0,,,
04-Jan-17,86.82,0,,,
05-Jan-17,87.02,0,,,
06-Jan-17,87.07,0,,,
09-Jan-17,87.07,0,,,
10-Jan-17,87.12,0,,,
11-Jan-17,87.06,0,,,
12-Jan-17,87.02,0,,,
13-Jan-17,87.07,0,,,
17-Jan-17,87.09,0,,,
18-Jan-17,87.04,0,,,
19-Jan-17,86.94,0,,,
20-Jan-17,86.88,0,,,
23-Jan-17,86.82,0,,,
24-Jan-17,86.89,0,,,
25-Jan-17,87.11,0,,,
26-Jan-17,87.17,0,,,
27-Jan-17,87.24,0,,,
30-Jan-17,87.18,0,,,
31-Jan-17,87.14,0,,,
01-Feb-17,86.84,0.38,,,
02-Feb-17,86.95,0,,,
03-Feb-17,87.14,0,,,
06-Feb-17,87.24,0,,,
07-Feb-17,87.3,0,,,
08-Feb-17,87.2,0,,,
09-Feb-17,87.18,0,,,
10-Feb-17,87.21,0,,,
13-Feb-17,87.33,0,,,
14-Feb-17,87.37,0,,,
15-Feb-17,87.39,0,,,
16-Feb-17,87.4,0,,,
17-Feb-17,87.37,0,,,
21-Feb-17,87.61,0,,,
22-Feb-17,87.74,0,,,
23-Feb-17,87.86,0,,,
24-Feb-17,87.9,0,,,
27-Feb-17,87.98,0,,,
28-Feb-17,88.08,0,,,
01-Mar-17,87.93,0.38,,,
02-Mar-17,87.91,0,,,
03-Mar-17,87.78,0,,,
06-Mar-17,87.58,0,,,
07-Mar-17,87.27,0,,,
08-Mar-17,86.88,0,,,
09-Mar-17,86.47,0,,,
10-Mar-17,86.51,0,,,
13-Mar-17,86.32,0,,,
14-Mar-17,85.92,0,,,
15-Mar-17,86.25,0,,,
16-Mar-17,86.74,0,,,
17-Mar-17,86.77,0,,,
20-Mar-17,86.66,0,,,
21-Mar-17,86.49,0,,,
22-Mar-17,86.23,0,,,
23-Mar-17,86.35,0,,,
24-Mar-17,86.49,0,,,
27-Mar-17,86.46,0,,,
28-Mar-17,86.69,0,,,
29-Mar-17,87.04,0,,,
30-Mar-17,87.34,0,,,
31-Mar-17,87.41,0,,,
03-Apr-17,87.06,0.37,,,
04-Apr-17,87.04,0,,,
05-Apr-17,87.2,0,,,
06-Apr-17,87.22,0,,,
07-Apr-17,87.27,0,,,
10-Apr-17,87.36,0,,,
11-Apr-17,87.32,0,,,
12-Apr-17,87.27,0,,,
13-Apr-17,87.25,0,,,
17-Apr-17,87.25,0,,,
18-Apr-17,87.17,0,,,
19-Apr-17,87.25,0,,,
20-Apr-17,87.3,0,,,
21-Apr-17,87.36,0,,,
24-Apr-17,87.59,0,,,
25-Apr-17,87.71,0,,,
26-Apr-17,87.84,0,,,
27-Apr-17,87.84,0,,,
28-Apr-17,87.91,0,,,
01-May-17,87.58,0.37,,,
02-May-17,87.68,0,,,
03-May-17,87.68,0,,,
04-May-17,87.46,0,,,
05-May-17,87.41,0,,,
08-May-17,87.49,0,,,
09-May-17,87.57,0,,,
10-May-17,87.65,0,,,
11-May-17,87.71,0,,,
12-May-17,87.74,0,,,
15-May-17,87.88,0,,,
16-May-17,87.95,0,,,
17-May-17,87.87,0,,,
18-May-17,87.77,0,,,
19-May-17,87.98,0,,,
22-May-17,88.12,0,,,
23-May-17,88.2,0,,,
24-May-17,88.25,0,,,
25-May-17,88.33,0,,,
26-May-17,88.33,0,,,
30-May-17,88.39,0,,,
31-May-17,88.39,0,,,
01-Jun-17,88.12,0.38,,,
02-Jun-17,88.21,0,,,
05-Jun-17,88.25,0,,,
06-Jun-17,88.23,0,,,
07-Jun-17,88.14,0,,,
08-Jun-17,88.04,0,,,
09-Jun-17,88.08,0,,,
12-Jun-17,88.13,0,,,
13-Jun-17,88.25,0,,,
14-Jun-17,88.28,0,,,
15-Jun-17,88.18,0,,,
16-Jun-17,88.13,0,,,
19-Jun-17,88.21,0,,,
20-Jun-17,88.04,0,,,
21-Jun-17,87.83,0,,,
22-Jun-17,87.77,0,,,
23-Jun-17,87.81,0,,,
26-Jun-17,87.94,0,,,
27-Jun-17,88.02,0,,,
28-Jun-17,88.05,0,,,
29-Jun-17,88.07,0,,,
30-Jun-17,88.08,0,,,
03-Jul-17,87.76,0.38,,,
05-Jul-17,87.77,0,,,
06-Jul-17,87.63,0,,,
07-Jul-17,87.44,0,,,
10-Jul-17,87.47,0,,,
11-Jul-17,87.5,0,,,
12-Jul-17,87.72,0,,,
13-Jul-17,87.81,0,,,
14-Jul-17,87.98,0,,,
17-Jul-17,88.17,0,,,
18-Jul-17,88.27,0,,,
19-Jul-17,88.42,0,,,
20-Jul-17,88.53,0,,,
21-Jul-17,88.52,0,,,
24-Jul-17,88.54,0,,,
25-Jul-17,88.58,0,,,
26-Jul-17,88.65,0,,,
27-Jul-17,88.62,0,,,
28-Jul-17,88.61,0,,,
31-Jul-17,88.61,0,,,
01-Aug-17,88.3,0.37,,,
02-Aug-17,88.33,0,,,
03-Aug-17,88.27,0,,,
04-Aug-17,88.24,0,,,
07-Aug-17,88.24,0,,,
08-Aug-17,88.16,0,,,
09-Aug-17,87.8,0,,,
10-Aug-17,87.54,0,,,
11-Aug-17,87.43,0,,,
14-Aug-17,87.61,0,,,
15-Aug-17,87.6,0,,,
16-Aug-17,87.67,0,,,
17-Aug-17,87.58,0,,,
18-Aug-17,87.47,0,,,
21-Aug-17,87.49,0,,,
22-Aug-17,87.53,0,,,
23-Aug-17,87.58,0,,,
24-Aug-17,87.68,0,,,
25-Aug-17,87.77,0,,,
28-Aug-17,87.86,0,,,
29-Aug-17,87.85,0,,,
30-Aug-17,87.94,0,,,
31-Aug-17,88.09,0,,,
01-Sep-17,87.81,0.37,,,
05-Sep-17,87.83,0,,,
06-Sep-17,87.9,0,,,
07-Sep-17,87.94,0,,,
08-Sep-17,87.87,0,,,
11-Sep-17,87.92,0,,,
12-Sep-17,87.94,0,,,
13-Sep-17,87.96,0,,,
14-Sep-17,88.02,0,,,
15-Sep-17,88.03,0,,,
18-Sep-17,88.11,0,,,
19-Sep-17,88.15,0,,,
20-Sep-17,88.21,0,,,
21-Sep-17,88.18,0,,,
22-Sep-17,88.17,0,,,
25-Sep-17,88.24,0,,,
26-Sep-17,88.31,0,,,
27-Sep-17,88.28,0,,,
28-Sep-17,88.34,0,,,
29-Sep-17,88.41,0,,,
02-Oct-17,88.08,0.37,,,
03-Oct-17,88.1,0,,,
04-Oct-17,88.12,0,,,
05-Oct-17,88.18,0,,,
06-Oct-17,88.16,0,,,
09-Oct-17,88.2,0,,,
10-Oct-17,88.23,0,,,
11-Oct-17,88.24,0,,,
12-Oct-17,88.18,0,,,
13-Oct-17,88.14,0,,,
16-Oct-17,88.2,0,,,
17-Oct-17,88.28,0,,,
18-Oct-17,88.34,0,,,
19-Oct-17,88.37,0,,,
20-Oct-17,88.41,0,,,
23-Oct-17,88.47,0,,,
24-Oct-17,88.48,0,,,
25-Oct-17,88.3,0,,,
26-Oct-17,88.29,0,,,
27-Oct-17,88.23,0,,,
30-Oct-17,88.24,0,,,
31-Oct-17,88.26,0,,,
01-Nov-17,87.93,0.37,,,
02-Nov-17,87.85,0,,,
03-Nov-17,87.84,0,,,
06-Nov-17,87.83,0,,,
07-Nov-17,87.76,0,,,
08-Nov-17,87.43,0,,,
09-Nov-17,87.07,0,,,
10-Nov-17,87.07,0,,,
13-Nov-17,87.04,0,,,
14-Nov-17,86.81,0,,,
15-Nov-17,86.54,0,,,
16-Nov-17,87.04,0,,,
17-Nov-17,87.1,0,,,
20-Nov-17,87.2,0,,,
21-Nov-17,87.33,0,,,
22-Nov-17,87.42,0,,,
24-Nov-17,87.46,0,,,
27-Nov-17,87.5,0,,,
28-Nov-17,87.48,0,,,
29-Nov-17,87.52,0,,,
30-Nov-17,87.54,0,,,
01-Dec-17,87.18,0.37,,,
04-Dec-17,87.28,0,,,
05-Dec-17,87.3,0,,,
06-Dec-17,87.21,0,,,
07-Dec-17,87.15,0,,,
08-Dec-17,87.17,0,,,
11-Dec-17,87.23,0,,,
12-Dec-17,87.28,0,,,
13-Dec-17,87.27,0,,,
14-Dec-17,87.23,0,,,
15-Dec-17,87.2,0,,,
18-Dec-17,87.21,0,,,
19-Dec-17,87.17,0,,,
20-Dec-17,87.16,0,,,
21-Dec-17,86.81,0.36,,,
22-Dec-17,86.82,0,,,
26-Dec-17,86.86,0,,,
27-Dec-17,86.9,0,,,
28-Dec-17,86.94,0,,,
29-Dec-17,86.97,0,,,
02-Jan-18,87.08,0,,,
03-Jan-18,87.33,0,,,
04-Jan-18,87.57,0,,,
05-Jan-18,87.68,0,,,
08-Jan-18,87.72,0,,,
09-Jan-18,87.7,0,,,
10-Jan-18,87.45,0,,,
11-Jan-18,87.52,0,,,
12-Jan-18,87.54,0,,,
16-Jan-18,87.61,0,,,
17-Jan-18,87.57,0,,,
18-Jan-18,87.46,0,,,
19-Jan-18,87.4,0,,,
22-Jan-18,87.43,0,,,
23-Jan-18,87.56,0,,,
24-Jan-18,87.6,0,,,
25-Jan-18,87.62,0,,,
26-Jan-18,87.64,0,,,
29-Jan-18,87.54,0,,,
30-Jan-18,87.28,0,,,
31-Jan-18,87.34,0,,,
01-Feb-18,86.88,0.37,,,
02-Feb-18,86.51,0,,,
05-Feb-18,86.31,0,,,
06-Feb-18,85.99,0,,,
07-Feb-18,86.27,0,,,
08-Feb-18,85.83,0,,,
09-Feb-18,85.14,0,,,
12-Feb-18,85.46,0,,,
13-Feb-18,85.24,0,,,
14-Feb-18,85.24,0,,,
15-Feb-18,85.68,0,,,
16-Feb-18,86.01,0,,,
20-Feb-18,86.12,0,,,
21-Feb-18,86.1,0,,,
22-Feb-18,85.96,0,,,
23-Feb-18,85.89,0,,,
26-Feb-18,86.16,0,,,
27-Feb-18,86.16,0,,,
28-Feb-18,86.13,0,,,
01-Mar-18,85.61,0.34,,,
02-Mar-18,85.34,0,,,
05-Mar-18,85.49,0,,,
06-Mar-18,85.69,0,,,
07-Mar-18,85.6,0,,,
08-Mar-18,85.62,0,,,
09-Mar-18,85.68,0,,,
12-Mar-18,85.7,0,,,
13-Mar-18,85.64,0,,,
14-Mar-18,85.55,0,,,
15-Mar-18,85.47,0,,,
16-Mar-18,85.51,0,,,
19-Mar-18,85.39,0,,,
20-Mar-18,85.35,0,,,
21-Mar-18,85.38,0,,,
22-Mar-18,85.28,0,,,
23-Mar-18,85.21,0,,,
26-Mar-18,85.2,0,,,
27-Mar-18,85.3,0,,,
28-Mar-18,85.23,0,,,
29-Mar-18,85.29,0,,,
02-Apr-18,84.85,0.35,,,
03-Apr-18,84.86,0,,,
04-Apr-18,84.9,0,,,
05-Apr-18,85.21,0,,,
06-Apr-18,85.26,0,,,
09-Apr-18,85.37,0,,,
10-Apr-18,85.62,0,,,
11-Apr-18,85.7,0,,,
12-Apr-18,85.87,0,,,
13-Apr-18,86.07,0,,,
16-Apr-18,86.19,0,,,
17-Apr-18,86.35,0,,,
18-Apr-18,86.38,0,,,
19-Apr-18,86.05,0,,,
20-Apr-18,85.92,0,,,
23-Apr-18,85.74,0,,,
24-Apr-18,85.59,0,,,
25-Apr-18,85.34,0,,,
26-Apr-18,85.49,0,,,
27-Apr-18,85.55,0,,,
30-Apr-18,85.57,0,,,
01-May-18,85.11,0.36,,,
02-May-18,85.21,0,,,
03-May-18,85.12,0,,,
04-May-18,85.17,0,,,
07-May-18,85.28,0,,,
08-May-18,85.28,0,,,
09-May-18,85.33,0,,,
10-May-18,85.41,0,,,
11-May-18,85.47,0,,,
14-May-18,85.52,0,,,
15-May-18,85.37,0,,,
16-May-18,85.32,0,,,
17-May-18,85.31,0,,,
18-May-18,85.28,0,,,
21-May-18,85.31,0,,,
22-May-18,85.37,0,,,
23-May-18,85.29,0,,,
24-May-18,85.32,0,,,
25-May-18,85.3,0,,,
29-May-18,85.11,0,,,
30-May-18,85.24,0,,,
31-May-18,85.34,0,,,
01-Jun-18,85.03,0.38,,,
04-Jun-18,85.14,0,,,
05-Jun-18,85.23,0,,,
06-Jun-18,85.33,0,,,
07-Jun-18,85.46,0,,,
08-Jun-18,85.47,0,,,
11-Jun-18,85.55,0,,,
12-Jun-18,85.65,0,,,
13-Jun-18,85.75,0,,,
14-Jun-18,85.85,0,,,
15-Jun-18,85.87,0,,,
18-Jun-18,85.85,0,,,
19-Jun-18,85.77,0,,,
20-Jun-18,85.89,0,,,
21-Jun-18,85.83,0,,,
22-Jun-18,85.85,0,,,
25-Jun-18,85.71,0,,,
26-Jun-18,85.62,0,,,
27-Jun-18,85.55,0,,,
28-Jun-18,85.22,0,,,
29-Jun-18,85.28,0,,,
02-Jul-18,84.63,0.38,,,
03-Jul-18,84.73,0,,,
05-Jul-18,84.78,0,,,
06-Jul-18,84.85,0,,,
09-Jul-18,85.08,0,,,
10-Jul-18,85.26,0,,,
11-Jul-18,85.16,0,,,
12-Jul-18,85.31,0,,,
13-Jul-18,85.38,0,,,
16-Jul-18,85.37,0,,,
17-Jul-18,85.38,0,,,
18-Jul-18,85.43,0,,,
19-Jul-18,85.42,0,,,
20-Jul-18,85.44,0,,,
23-Jul-18,85.48,0,,,
24-Jul-18,85.56,0,,,
25-Jul-18,85.59,0,,,
26-Jul-18,85.69,0,,,
27-Jul-18,85.72,0,,,
30-Jul-18,85.76,0,,,
31-Jul-18,85.87,0,,,
01-Aug-18,85.52,0.37,,,
02-Aug-18,85.56,0,,,
03-Aug-18,85.68,0,,,
06-Aug-18,85.75,0,,,
07-Aug-18,85.91,0,,,
08-Aug-18,85.9,0,,,
09-Aug-18,85.9,0,,,
10-Aug-18,85.75,0,,,
13-Aug-18,85.68,0,,,
14-Aug-18,85.7,0,,,
15-Aug-18,85.59,0,,,
16-Aug-18,85.71,0,,,
17-Aug-18,85.74,0,,,
20-Aug-18,85.83,0,,,
21-Aug-18,85.92,0,,,
22-Aug-18,86.03,0,,,
23-Aug-18,86.04,0,,,
24-Aug-18,86.08,0,,,
27-Aug-18,86.16,0,,,
28-Aug-18,86.17,0,,,
29-Aug-18,86.19,0,,,
30-Aug-18,86.16,0,,,
31-Aug-18,86.1,0,,,
04-Sep-18,85.75,0.37,,,
05-Sep-18,85.67,0,,,
06-Sep-18,85.63,0,,,
07-Sep-18,85.59,0,,,
10-Sep-18,85.65,0,,,
11-Sep-18,85.71,0,,,
12-Sep-18,85.86,0,,,
13-Sep-18,85.97,0,,,
14-Sep-18,86.04,0,,,
17-Sep-18,86.05,0,,,
18-Sep-18,86.11,0,,,
19-Sep-18,86.08,0,,,
20-Sep-18,86.06,0,,,
21-Sep-18,86.07,0,,,
24-Sep-18,86.02,0,,,
25-Sep-18,86.01,0,,,
26-Sep-18,86.06,0,,,
27-Sep-18,86.11,0,,,
28-Sep-18,86.17,0,,,
01-Oct-18,86,0.39,,,
02-Oct-18,86.06,0,,,
03-Oct-18,86.04,0,,,
04-Oct-18,85.59,0,,,
05-Oct-18,85.42,0,,,
08-Oct-18,85.46,0,,,
09-Oct-18,85.17,0,,,
10-Oct-18,84.8,0,,,
11-Oct-18,84.79,0,,,
12-Oct-18,84.98,0,,,
15-Oct-18,85.03,0,,,
16-Oct-18,85.21,0,,,
17-Oct-18,85.17,0,,,
18-Oct-18,84.98,0,,,
19-Oct-18,84.92,0,,,
22-Oct-18,84.9,0,,,
23-Oct-18,84.59,0,,,
24-Oct-18,84.65,0,,,
25-Oct-18,84.49,0,,,
26-Oct-18,84.26,0,,,
29-Oct-18,84.29,0,,,
30-Oct-18,84.09,0,,,
31-Oct-18,84.34,0,,,
01-Nov-18,84,0.42,,,
02-Nov-18,84.11,0,,,
05-Nov-18,84.18,0,,,
06-Nov-18,84.27,0,,,
07-Nov-18,84.56,0,,,
08-Nov-18,84.62,0,,,
09-Nov-18,84.26,0,,,
12-Nov-18,84.3,0,,,
13-Nov-18,83.91,0,,,
14-Nov-18,83.57,0,,,
15-Nov-18,83.21,0,,,
16-Nov-18,83.1,0,,,
19-Nov-18,83.03,0,,,
20-Nov-18,82.78,0,,,
21-Nov-18,83.04,0,,,
23-Nov-18,82.89,0,,,
26-Nov-18,83.12,0,,,
27-Nov-18,83,0,,,
28-Nov-18,83.26,0,,,
29-Nov-18,83.44,0,,,
30-Nov-18,83.5,0,,,
03-Dec-18,83.5,0.38,,,
04-Dec-18,83.41,0,,,
06-Dec-18,82.83,0,,,
07-Dec-18,83.02,0,,,
10-Dec-18,82.83,0,,,
11-Dec-18,82.94,0,,,
12-Dec-18,83.2,0,,,
13-Dec-18,83.24,0,,,
14-Dec-18,83.13,0,,,
17-Dec-18,82.93,0,,,
18-Dec-18,82.16,0.39,,,
19-Dec-18,81.95,0,,,
20-Dec-18,80.79,0,,,
21-Dec-18,80.56,0,,,
24-Dec-18,80.33,0,,,
26-Dec-18,80.22,0,,,
27-Dec-18,80.37,0,,,
28-Dec-18,80.71,0,,,
31-Dec-18,80.9,0,,,
02-Jan-19,80.97,0,,,
03-Jan-19,81.07,0,,,
04-Jan-19,82.14,0,,,
07-Jan-19,82.77,0,,,
08-Jan-19,83.2,0,,,
09-Jan-19,83.61,0,,,
10-Jan-19,83.54,0,,,
11-Jan-19,83.59,0,,,
14-Jan-19,83.46,0,,,
15-Jan-19,83.57,0,,,
16-Jan-19,83.87,0,,,
17-Jan-19,83.91,0,,,
18-Jan-19,84.2,0,,,
22-Jan-19,83.99,0,,,
23-Jan-19,83.93,0,,,
24-Jan-19,83.88,0,,,
25-Jan-19,84.1,0,,,
28-Jan-19,83.99,0,,,
29-Jan-19,84.1,0,,,
30-Jan-19,84.29,0,,,
31-Jan-19,84.71,0,,,
01-Feb-19,84.43,0.39,,,
04-Feb-19,84.52,0,,,
05-Feb-19,84.84,0,,,
06-Feb-19,84.94,0,,,
07-Feb-19,84.62,0,,,
08-Feb-19,84.51,0,,,
11-Feb-19,84.57,0,,,
12-Feb-19,84.88,0,,,
13-Feb-19,84.92,0,,,
14-Feb-19,84.92,0,,,
15-Feb-19,85.07,0,,,
19-Feb-19,85.13,0,,,
20-Feb-19,85.23,0,,,
21-Feb-19,85.23,0,,,
22-Feb-19,85.32,0,,,
25-Feb-19,85.47,0,,,
26-Feb-19,85.58,0,,,
27-Feb-19,85.68,0,,,
28-Feb-19,85.71,0,,,
01-Mar-19,85.37,0.38,,,
04-Mar-19,85.35,0,,,
05-Mar-19,85.3,0,,,
06-Mar-19,85.18,0,,,
07-Mar-19,85.05,0,,,
08-Mar-19,84.81,0,,,
11-Mar-19,84.99,0,,,
12-Mar-19,85.19,0,,,
13-Mar-19,85.43,0,,,
14-Mar-19,85.49,0,,,
15-Mar-19,85.55,0,,,
18-Mar-19,85.6,0,,,
19-Mar-19,85.69,0,,,
20-Mar-19,85.71,0,,,
21-Mar-19,85.91,0,,,
22-Mar-19,85.79,0,,,
25-Mar-19,85.71,0,,,
26-Mar-19,85.84,0,,,
27-Mar-19,85.87,0,,,
28-Mar-19,85.91,0,,,
29-Mar-19,86.09,0,,,
01-Apr-19,85.92,0.38,,,
02-Apr-19,85.95,0,,,
03-Apr-19,86.05,0,,,
04-Apr-19,86.06,0,,,
05-Apr-19,86.19,0,,,
08-Apr-19,86.27,0,,,
09-Apr-19,86.28,0,,,
10-Apr-19,86.33,0,,,
11-Apr-19,86.49,0,,,
12-Apr-19,86.67,0,,,
15-Apr-19,86.68,0,,,
16-Apr-19,86.71,0,,,
17-Apr-19,86.63,0,,,
18-Apr-19,86.58,0,,,
22-Apr-19,86.57,0,,,
23-Apr-19,86.65,0,,,
24-Apr-19,86.71,0,,,
25-Apr-19,86.65,0,,,
26-Apr-19,86.68,0,,,
29-Apr-19,86.76,0,,,
30-Apr-19,86.79,0,,,
01-May-19,86.47,0.37,,,
02-May-19,86.31,0,,,
03-May-19,86.42,0,,,
06-May-19,86.34,0,,,
07-May-19,86.19,0,,,
08-May-19,86.19,0,,,
09-May-19,85.96,0,,,
10-May-19,85.91,0,,,
13-May-19,85.54,0,,,
14-May-19,85.7,0,,,
15-May-19,85.62,0,,,
16-May-19,85.85,0,,,
17-May-19,85.83,0,,,
20-May-19,85.83,0,,,
21-May-19,85.96,0,,,
22-May-19,85.92,0,,,
23-May-19,85.61,0,,,
24-May-19,85.72,0,,,
28-May-19,85.73,0,,,
29-May-19,85.41,0,,,
30-May-19,85.52,0,,,
31-May-19,85.19,0,,,
03-Jun-19,84.78,0.39,,,
04-Jun-19,85.16,0,,,
05-Jun-19,85.32,0,,,
06-Jun-19,85.44,0,,,
07-Jun-19,85.77,0,,,
10-Jun-19,86.05,0,,,
11-Jun-19,86.15,0,,,
12-Jun-19,86.04,0,,,
13-Jun-19,86.08,0,,,
14-Jun-19,86.04,0,,,
17-Jun-19,86.07,0,,,
18-Jun-19,86.37,0,,,
19-Jun-19,86.48,0,,,
20-Jun-19,87.11,0,,,
21-Jun-19,87.07,0,,,
24-Jun-19,87.09,0,,,
25-Jun-19,86.89,0,,,
26-Jun-19,86.86,0,,,
27-Jun-19,86.85,0,,,
28-Jun-19,86.95,0,,,
01-Jul-19,86.79,0.39,,,
02-Jul-19,86.76,0,,,
03-Jul-19,86.85,0,,,
05-Jul-19,86.8,0,,,
08-Jul-19,86.78,0,,,
09-Jul-19,86.66,0,,,
10-Jul-19,86.78,0,,,
11-Jul-19,86.75,0,,,
12-Jul-19,86.74,0,,,
15-Jul-19,86.79,0,,,
16-Jul-19,86.76,0,,,
17-Jul-19,86.68,0,,,
18-Jul-19,86.5,0,,,
19-Jul-19,86.51,0,,,
22-Jul-19,86.57,0,,,
23-Jul-19,86.71,0,,,
24-Jul-19,86.83,0,,,
25-Jul-19,86.87,0,,,
26-Jul-19,86.97,0,,,
29-Jul-19,86.98,0,,,
30-Jul-19,86.94,0,,,
31-Jul-19,87.03,0,,,
01-Aug-19,86.49,0.37,,,
02-Aug-19,86.29,0,,,
05-Aug-19,85.6,0,,,
06-Aug-19,85.81,0,,,
07-Aug-19,85.53,0,,,
08-Aug-19,86.02,0,,,
09-Aug-19,86.02,0,,,
12-Aug-19,85.98,0,,,
13-Aug-19,86.17,0,,,
14-Aug-19,85.74,0,,,
15-Aug-19,85.72,0,,,
16-Aug-19,85.88,0,,,
19-Aug-19,86.16,0,,,
20-Aug-19,86.27,0,,,
21-Aug-19,86.57,0,,,
22-Aug-19,86.69,0,,,
23-Aug-19,86.6,0,,,
26-Aug-19,86.67,0,,,
27-Aug-19,86.77,0,,,
28-Aug-19,86.84,0,,,
29-Aug-19,87,0,,,
30-Aug-19,87.04,0,,,
03-Sep-19,86.52,0.37,,,
04-Sep-19,86.64,0,,,
05-Sep-19,86.76,0,,,
06-Sep-19,86.85,0,,,
09-Sep-19,86.96,0,,,
10-Sep-19,87.05,0,,,
11-Sep-19,87.02,0,,,
12-Sep-19,87.07,0,,,
13-Sep-19,86.97,0,,,
16-Sep-19,87.18,0,,,
17-Sep-19,87.17,0,,,
18-Sep-19,87.14,0,,,
19-Sep-19,87.22,0,,,
20-Sep-19,87.21,0,,,
23-Sep-19,87.23,0,,,
24-Sep-19,87.16,0,,,
25-Sep-19,87.02,0,,,
26-Sep-19,86.98,0,,,
27-Sep-19,86.9,0,,,
30-Sep-19,86.89,0,,,
01-Oct-19,86.47,0.35,,,
02-Oct-19,86.08,0,,,
03-Oct-19,86.03,0,,,
04-Oct-19,86.17,0,,,
07-Oct-19,86.24,0,,,
08-Oct-19,86.11,0,,,
09-Oct-19,86.21,0,,,
10-Oct-19,86.26,0,,,
11-Oct-19,86.46,0,,,
14-Oct-19,86.5,0,,,
15-Oct-19,86.67,0,,,
16-Oct-19,86.75,0,,,
17-Oct-19,86.83,0,,,
18-Oct-19,86.83,0,,,
21-Oct-19,86.92,0,,,
22-Oct-19,86.94,0,,,
23-Oct-19,86.99,0,,,
24-Oct-19,87.03,0,,,
25-Oct-19,87.13,0,,,
28-Oct-19,87.18,0,,,
29-Oct-19,87.15,0,,,
30-Oct-19,87.03,0,,,
31-Oct-19,86.83,0,,,
01-Nov-19,86.64,0.36,,,
04-Nov-19,86.87,0,,,
05-Nov-19,86.86,0,,,
06-Nov-19,86.75,0,,,
07-Nov-19,86.78,0,,,
08-Nov-19,86.75,0,,,
11-Nov-19,86.79,0,,,
12-Nov-19,86.8,0,,,
13-Nov-19,86.69,0,,,
14-Nov-19,86.65,0,,,
15-Nov-19,86.7,0,,,
18-Nov-19,86.67,0,,,
19-Nov-19,86.51,0,,,
20-Nov-19,86.4,0,,,
21-Nov-19,86.36,0,,,
22-Nov-19,86.4,0,,,
25-Nov-19,86.58,0,,,
26-Nov-19,86.72,0,,,
27-Nov-19,86.81,0,,,
29-Nov-19,86.81,0,,,
02-Dec-19,86.4,0.34,,,
03-Dec-19,86.3,0,,,
04-Dec-19,86.52,0,,,
05-Dec-19,86.6,0,,,
06-Dec-19,86.8,0,,,
09-Dec-19,86.88,0,,,
10-Dec-19,86.98,0,,,
11-Dec-19,87.08,0,,,
12-Dec-19,87.3,0,,,
13-Dec-19,87.45,0,,,
16-Dec-19,87.61,0,,,
17-Dec-19,87.78,0,,,
18-Dec-19,87.96,0,,,
19-Dec-19,87.67,0.31,,,
20-Dec-19,87.72,0,,,
23-Dec-19,87.75,0,,,
24-Dec-19,87.77,0,,,
26-Dec-19,87.82,0,,,
27-Dec-19,87.84,0,,,
30-Dec-19,87.84,0,,,
31-Dec-19,87.83,0,,,
02-Jan-20,87.96,0,,,
03-Jan-20,87.98,0,,,
06-Jan-20,88.01,0,,,
07-Jan-20,88.04,0,,,
08-Jan-20,88.04,0,,,
09-Jan-20,88.07,0,,,
10-Jan-20,88.12,0,,,
13-Jan-20,88.19,0,,,
14-Jan-20,88.24,0,,,
15-Jan-20,88.29,0,,,
16-Jan-20,88.33,0,,,
17-Jan-20,88.32,0,,,
21-Jan-20,88.29,0,,,
22-Jan-20,88.24,0,,,
23-Jan-20,88.05,0,,,
24-Jan-20,87.81,0,,,
27-Jan-20,87.29,0,,,
28-Jan-20,87.7,0,,,
29-Jan-20,87.78,0,,,
30-Jan-20,87.55,0,,,
31-Jan-20,87.51,0,,,
03-Feb-20,87.26,0.37,,,
04-Feb-20,87.48,0,,,
05-Feb-20,87.67,0,,,
06-Feb-20,87.83,0,,,
07-Feb-20,87.8,0,,,
10-Feb-20,87.79,0,,,
11-Feb-20,88.06,0,,,
12-Feb-20,88.19,0,,,
13-Feb-20,88.22,0,,,
14-Feb-20,88.2,0,,,
18-Feb-20,88.19,0,,,
19-Feb-20,88.28,0,,,
20-Feb-20,88.28,0,,,
21-Feb-20,88.22,0,,,
24-Feb-20,87.52,0,,,
25-Feb-20,87.27,0,,,
26-Feb-20,87.09,0,,,
27-Feb-20,86.27,0,,,
28-Feb-20,85.68,0,,,
02-Mar-20,85.82,0.38,,,
03-Mar-20,86.29,0,,,
04-Mar-20,86.79,0,,,
05-Mar-20,86.21,0,,,
06-Mar-20,84.88,0,,,
09-Mar-20,81.84,0,,,
10-Mar-20,82.4,0,,,
11-Mar-20,81.32,0,,,
12-Mar-20,78.4,0,,,
13-Mar-20,78.97,0,,,
16-Mar-20,75.83,0,,,
17-Mar-20,75.42,0,,,
18-Mar-20,72.72,0,,,
19-Mar-20,70.75,0,,,
20-Mar-20,70.65,0,,,
23-Mar-20,68.92,0,,,
24-Mar-20,69.78,0,,,
25-Mar-20,71.63,0,,,
26-Mar-20,74.41,0,,,
27-Mar-20,75.45,0,,,
30-Mar-20,76.23,0,,,
31-Mar-20,76.72,0,,,
01-Apr-20,75.22,0.39,,,
02-Apr-20,74.92,0,,,
03-Apr-20,74.2,0,,,
06-Apr-20,74.62,0,,,
07-Apr-20,75.64,0,,,
08-Apr-20,75.97,0,,,
09-Apr-20,78.75,0,,,
13-Apr-20,79.4,0,,,
14-Apr-20,80.21,0,,,
15-Apr-20,79.88,0,,,
16-Apr-20,79.95,0,,,
17-Apr-20,80.44,0,,,
20-Apr-20,80.02,0,,,
21-Apr-20,78.8,0,,,
22-Apr-20,78.82,0,,,
23-Apr-20,78.75,0,,,
24-Apr-20,78.33,0,,,
27-Apr-20,78.26,0,,,
28-Apr-20,78.37,0,,,
29-Apr-20,78.72,0,,,
30-Apr-20,78.99,0,,,
01-May-20,78.37,0.37,,,
04-May-20,78.24,0,,,
05-May-20,78.67,0,,,
06-May-20,78.74,0,,,
07-May-20,78.99,0,,,
08-May-20,79.16,0,,,
11-May-20,79.16,0,,,
12-May-20,79.51,0,,,
13-May-20,79.01,0,,,
14-May-20,78.53,0,,,
15-May-20,78.48,0,,,
18-May-20,79.4,0,,,
19-May-20,79.6,0,,,
20-May-20,80.2,0,,,
21-May-20,80.46,0,,,
22-May-20,80.54,0,,,
26-May-20,81.33,0,,,
27-May-20,81.59,0,,,
28-May-20,81.89,0,,,
29-May-20,81.79,0,,,
01-Jun-20,81.72,0.32,,,
02-Jun-20,82.35,0,,,
03-Jun-20,83.13,0,,,
04-Jun-20,83.16,0,,,
05-Jun-20,83.96,0,,,
08-Jun-20,84.02,0,,,
09-Jun-20,83.57,0,,,
10-Jun-20,83.28,0,,,
11-Jun-20,81.92,0,,,
12-Jun-20,82.19,0,,,
15-Jun-20,82.17,0,,,
16-Jun-20,83.26,0,,,
17-Jun-20,83.18,0,,,
18-Jun-20,82.83,0,,,
19-Jun-20,82.8,0,,,
22-Jun-20,82.73,0,,,
23-Jun-20,82.74,0,,,
24-Jun-20,82.2,0,,,
25-Jun-20,81.91,0,,,
26-Jun-20,81.64,0,,,
29-Jun-20,81.28,0,,,
30-Jun-20,81.29,0,,,
01-Jul-20,81.24,0.34,,,
02-Jul-20,81.68,0,,,
06-Jul-20,82.12,0,,,
07-Jul-20,82.15,0,,,
08-Jul-20,82.09,0,,,
09-Jul-20,81.98,0,,,
10-Jul-20,81.93,0,,,
13-Jul-20,82.22,0,,,
14-Jul-20,82.17,0,,,
15-Jul-20,82.64,0,,,
16-Jul-20,82.79,0,,,
17-Jul-20,82.91,0,,,
20-Jul-20,83.3,0,,,
21-Jul-20,83.86,0,,,
22-Jul-20,84.09,0,,,
23-Jul-20,84.17,0,,,
24-Jul-20,84.16,0,,,
27-Jul-20,84.27,0,,,
28-Jul-20,84.26,0,,,
29-Jul-20,84.51,0,,,
30-Jul-20,84.65,0,,,
31-Jul-20,84.78,0,,,
